#if !(defined(WAVESHARE_S3_LCD7B))  // tools/eez_build.py: board variant
/*******************************************************************************
 * Size: 94 px
 * Bpp: 1
 * Opts: --bpp 1 --size 94 --no-compress --font assets/fonts/x14y24pxHeadUpDaisy.ttf --range 32-127 --format lvgl
 ******************************************************************************/

#ifdef __has_include
    #if __has_include("lvgl.h")
        #ifndef LV_LVGL_H_INCLUDE_SIMPLE
            #define LV_LVGL_H_INCLUDE_SIMPLE
        #endif
    #endif
#endif

#ifdef LV_LVGL_H_INCLUDE_SIMPLE
    #include "lvgl.h"
#else
    #include "lvgl.h"
#endif

#ifndef UI_FONT_UI_FONT_FONT_LARGR
#define UI_FONT_UI_FONT_FONT_LARGR 1
#endif

#if UI_FONT_UI_FONT_FONT_LARGR

/*-----------------
 *    BITMAPS
 *----------------*/

/*Store the image of the glyphs*/
static LV_ATTRIBUTE_LARGE_CONST const uint8_t glyph_bitmap[] = {
    /* U+0020 " " */
    0x0,

    /* U+0021 "!" */
    0xff, 0xff, 0xff, 0xff, 0xff, 0xff, 0xff, 0xff,
    0xff, 0xff, 0xff, 0xff, 0xff, 0xff, 0xff, 0xff,
    0xff, 0xff, 0xff, 0xff, 0xff, 0xff, 0xff, 0xff,
    0xff, 0xff, 0xff, 0xff, 0xff, 0xff, 0xff, 0xff,
    0xff, 0xff, 0xff, 0xff, 0xff, 0xff, 0xff, 0xff,
    0xff, 0xff, 0xff, 0xff, 0xff, 0xff, 0xff, 0x0,
    0x0, 0x0, 0x0, 0x0, 0x0, 0x0, 0x0, 0xff,
    0xff, 0xff, 0xff, 0xff, 0xff, 0xff, 0xff,

    /* U+0022 "\"" */
    0xff, 0x0, 0xff, 0xff, 0x0, 0xff, 0xff, 0x0,
    0xff, 0xff, 0x0, 0xff, 0xff, 0x0, 0xff, 0xff,
    0x0, 0xff, 0xff, 0x0, 0xff, 0xff, 0x0, 0xff,
    0xff, 0x0, 0xff, 0xff, 0x0, 0xff, 0xff, 0x0,
    0xff, 0xff, 0x0, 0xff, 0xff, 0x0, 0xff, 0xff,
    0x0, 0xff, 0xff, 0x0, 0xff, 0xff, 0x0, 0xff,
    0xff, 0x0, 0xff, 0xff, 0x0, 0xff, 0xff, 0x0,
    0xff,

    /* U+0023 "#" */
    0x0, 0xf, 0xf0, 0x0, 0x1f, 0xe0, 0x0, 0x1f,
    0xe0, 0x0, 0x3f, 0xc0, 0x0, 0x3f, 0xc0, 0x0,
    0x7f, 0x80, 0x0, 0x7f, 0x80, 0x0, 0xff, 0x0,
    0x0, 0xff, 0x0, 0x1, 0xfe, 0x0, 0x1, 0xfe,
    0x0, 0x3, 0xfc, 0x0, 0x3, 0xfc, 0x0, 0x7,
    0xf8, 0x0, 0x7, 0xf8, 0x0, 0xf, 0xf0, 0x0,
    0xf, 0xf0, 0x0, 0x1f, 0xe0, 0x0, 0x1f, 0xe0,
    0x0, 0x3f, 0xc0, 0x0, 0x3f, 0xc0, 0x0, 0x7f,
    0x80, 0x0, 0x7f, 0x80, 0x0, 0xff, 0x0, 0x0,
    0xff, 0x0, 0x1, 0xfe, 0x0, 0x1, 0xfe, 0x0,
    0x3, 0xfc, 0x0, 0x3, 0xfc, 0x0, 0x7, 0xf8,
    0x0, 0x7, 0xf8, 0x0, 0xf, 0xf0, 0xf, 0xff,
    0xff, 0xff, 0xff, 0xfe, 0x1f, 0xff, 0xff, 0xff,
    0xff, 0xfc, 0x3f, 0xff, 0xff, 0xff, 0xff, 0xf8,
    0x7f, 0xff, 0xff, 0xff, 0xff, 0xf0, 0xff, 0xff,
    0xff, 0xff, 0xff, 0xe1, 0xff, 0xff, 0xff, 0xff,
    0xff, 0xc3, 0xff, 0xff, 0xff, 0xff, 0xff, 0x87,
    0xff, 0xff, 0xff, 0xff, 0xff, 0x0, 0xff, 0x0,
    0x1, 0xfe, 0x0, 0x1, 0xfe, 0x0, 0x3, 0xfc,
    0x0, 0x3, 0xfc, 0x0, 0x7, 0xf8, 0x0, 0x7,
    0xf8, 0x0, 0xf, 0xf0, 0x0, 0xf, 0xf0, 0x0,
    0x1f, 0xe0, 0x0, 0x1f, 0xe0, 0x0, 0x3f, 0xc0,
    0x0, 0x3f, 0xc0, 0x0, 0x7f, 0x80, 0x0, 0x7f,
    0x80, 0x0, 0xff, 0x0, 0x0, 0xff, 0x0, 0x1,
    0xfe, 0x0, 0x1, 0xfe, 0x0, 0x3, 0xfc, 0x0,
    0x3, 0xfc, 0x0, 0x7, 0xf8, 0x0, 0x7, 0xf8,
    0x0, 0xf, 0xf0, 0x0, 0xf, 0xf0, 0x0, 0x1f,
    0xe0, 0x0, 0x1f, 0xe0, 0x0, 0x3f, 0xc0, 0x0,
    0x3f, 0xc0, 0x0, 0x7f, 0x80, 0x7f, 0xff, 0xff,
    0xff, 0xff, 0xf0, 0xff, 0xff, 0xff, 0xff, 0xff,
    0xe1, 0xff, 0xff, 0xff, 0xff, 0xff, 0xc3, 0xff,
    0xff, 0xff, 0xff, 0xff, 0x87, 0xff, 0xff, 0xff,
    0xff, 0xff, 0xf, 0xff, 0xff, 0xff, 0xff, 0xfe,
    0x1f, 0xff, 0xff, 0xff, 0xff, 0xfc, 0x3f, 0xff,
    0xff, 0xff, 0xff, 0xf8, 0x7, 0xf8, 0x0, 0xf,
    0xf0, 0x0, 0xf, 0xf0, 0x0, 0x1f, 0xe0, 0x0,
    0x1f, 0xe0, 0x0, 0x3f, 0xc0, 0x0, 0x3f, 0xc0,
    0x0, 0x7f, 0x80, 0x0, 0x7f, 0x80, 0x0, 0xff,
    0x0, 0x0, 0xff, 0x0, 0x1, 0xfe, 0x0, 0x1,
    0xfe, 0x0, 0x3, 0xfc, 0x0, 0x3, 0xfc, 0x0,
    0x7, 0xf8, 0x0, 0x7, 0xf8, 0x0, 0xf, 0xf0,
    0x0, 0xf, 0xf0, 0x0, 0x1f, 0xe0, 0x0, 0x1f,
    0xe0, 0x0, 0x3f, 0xc0, 0x0, 0x3f, 0xc0, 0x0,
    0x7f, 0x80, 0x0, 0x7f, 0x80, 0x0, 0xff, 0x0,
    0x0, 0xff, 0x0, 0x1, 0xfe, 0x0, 0x1, 0xfe,
    0x0, 0x3, 0xfc, 0x0, 0x3, 0xfc, 0x0, 0x7,
    0xf8, 0x0, 0x0,

    /* U+0024 "$" */
    0x0, 0x0, 0xff, 0x0, 0x0, 0x0, 0x1, 0xfe,
    0x0, 0x0, 0x0, 0x3, 0xfc, 0x0, 0x0, 0x0,
    0x7, 0xf8, 0x0, 0x0, 0x0, 0xf, 0xf0, 0x0,
    0x0, 0x0, 0x1f, 0xe0, 0x0, 0x0, 0x0, 0x3f,
    0xc0, 0x0, 0x0, 0x0, 0x7f, 0x80, 0x0, 0xf,
    0xff, 0xff, 0xff, 0xe0, 0x1f, 0xff, 0xff, 0xff,
    0xc0, 0x3f, 0xff, 0xff, 0xff, 0x80, 0x7f, 0xff,
    0xff, 0xff, 0xf, 0xff, 0xff, 0xff, 0xff, 0xff,
    0xff, 0xff, 0xff, 0xff, 0xff, 0xff, 0xff, 0xff,
    0xff, 0xff, 0xff, 0xff, 0xff, 0xff, 0xff, 0x0,
    0xff, 0x1, 0xff, 0xfe, 0x1, 0xfe, 0x3, 0xff,
    0xfc, 0x3, 0xfc, 0x7, 0xff, 0xf8, 0x7, 0xf8,
    0xf, 0xff, 0xf0, 0xf, 0xf0, 0x0, 0x1f, 0xe0,
    0x1f, 0xe0, 0x0, 0x3f, 0xc0, 0x3f, 0xc0, 0x0,
    0x7f, 0x80, 0x7f, 0x80, 0x0, 0xff, 0x0, 0xff,
    0x0, 0x1, 0xfe, 0x1, 0xfe, 0x0, 0x3, 0xfc,
    0x3, 0xfc, 0x0, 0x7, 0xf8, 0x7, 0xf8, 0x0,
    0xf, 0xff, 0xff, 0xff, 0xfe, 0x1f, 0xff, 0xff,
    0xff, 0xfc, 0x3f, 0xff, 0xff, 0xff, 0xf8, 0x7,
    0xff, 0xff, 0xff, 0xf0, 0xf, 0xff, 0xff, 0xff,
    0xfe, 0x1f, 0xff, 0xff, 0xff, 0xfc, 0x3f, 0xff,
    0xff, 0xff, 0xf8, 0x7f, 0xff, 0xff, 0xff, 0xf0,
    0x0, 0xf, 0xf0, 0x1f, 0xe0, 0x0, 0x1f, 0xe0,
    0x3f, 0xc0, 0x0, 0x3f, 0xc0, 0x7f, 0x80, 0x0,
    0x7f, 0x80, 0xff, 0x0, 0x0, 0xff, 0x1, 0xfe,
    0x0, 0x1, 0xfe, 0x3, 0xfc, 0x0, 0x3, 0xfc,
    0x7, 0xff, 0xf8, 0x7, 0xf8, 0xf, 0xff, 0xf0,
    0xf, 0xf0, 0x1f, 0xff, 0xe0, 0x1f, 0xe0, 0x3f,
    0xff, 0xc0, 0x3f, 0xc0, 0x7f, 0xff, 0xff, 0xff,
    0xff, 0xff, 0xff, 0xff, 0xff, 0xff, 0xff, 0xff,
    0xff, 0xff, 0xff, 0xff, 0xff, 0xff, 0xff, 0xff,
    0xf8, 0x7f, 0xff, 0xff, 0xff, 0x0, 0xff, 0xff,
    0xff, 0xfe, 0x1, 0xff, 0xff, 0xff, 0xfc, 0x3,
    0xff, 0xff, 0xff, 0xf8, 0x0, 0x0, 0x7f, 0x80,
    0x0, 0x0, 0x0, 0xff, 0x0, 0x0, 0x0, 0x1,
    0xfe, 0x0, 0x0, 0x0, 0x3, 0xfc, 0x0, 0x0,
    0x0, 0x7, 0xf8, 0x0, 0x0, 0x0, 0xf, 0xf0,
    0x0, 0x0, 0x0, 0x1f, 0xe0, 0x0, 0x0, 0x0,
    0x3f, 0xc0, 0x0, 0x0,

    /* U+0025 "%" */
    0xf, 0xff, 0x0, 0x0, 0x1f, 0xe0, 0x1f, 0xfe,
    0x0, 0x0, 0x3f, 0xc0, 0x3f, 0xfc, 0x0, 0x0,
    0x7f, 0x80, 0x7f, 0xf8, 0x0, 0x0, 0xff, 0xf,
    0xff, 0xff, 0x0, 0x1, 0xfe, 0x1f, 0xff, 0xfe,
    0x0, 0x3, 0xfc, 0x3f, 0xff, 0xfc, 0x0, 0x7,
    0xf8, 0x7f, 0xff, 0xf8, 0x0, 0xf, 0xf0, 0xff,
    0xf, 0xf0, 0x1, 0xff, 0xe1, 0xfe, 0x1f, 0xe0,
    0x3, 0xff, 0xc3, 0xfc, 0x3f, 0xc0, 0x7, 0xff,
    0x87, 0xf8, 0x7f, 0x80, 0x7f, 0xff, 0xf, 0xf0,
    0xff, 0x0, 0xff, 0xf0, 0x1f, 0xe1, 0xfe, 0x1,
    0xff, 0xe0, 0x3f, 0xc3, 0xfc, 0x3, 0xff, 0xc0,
    0x7f, 0x87, 0xf8, 0x7, 0xff, 0x80, 0xff, 0xff,
    0xf0, 0xff, 0xe0, 0x1, 0xff, 0xff, 0xe1, 0xff,
    0xc0, 0x3, 0xff, 0xff, 0xc3, 0xff, 0x80, 0x0,
    0x7f, 0xf8, 0x7f, 0xf0, 0x0, 0x0, 0xff, 0xf0,
    0xff, 0xe0, 0x0, 0x1, 0xff, 0xe1, 0xff, 0xc0,
    0x0, 0x3, 0xff, 0xc3, 0xff, 0x80, 0x0, 0x0,
    0x0, 0x7f, 0xf8, 0xff, 0xf0, 0x0, 0x0, 0xff,
    0xf1, 0xff, 0xe0, 0x0, 0x1, 0xff, 0xe3, 0xff,
    0xc0, 0x0, 0x3, 0xff, 0xc7, 0xff, 0x80, 0x0,
    0x7, 0xff, 0x8f, 0xff, 0x0, 0x0, 0xff, 0xf0,
    0xff, 0xff, 0xe0, 0x1, 0xff, 0xe1, 0xff, 0xff,
    0xc0, 0x3, 0xff, 0xc3, 0xff, 0xff, 0x80, 0x7f,
    0xf8, 0x7, 0xf0, 0x7f, 0x0, 0xff, 0xf0, 0xf,
    0xe0, 0xfe, 0x1, 0xff, 0xe0, 0x1f, 0xc1, 0xfc,
    0x3, 0xff, 0xc0, 0x3f, 0x83, 0xf8, 0x7f, 0xf8,
    0x0, 0x7f, 0x7, 0xf0, 0xff, 0xf0, 0x0, 0xfe,
    0xf, 0xe1, 0xff, 0xe0, 0x1, 0xfc, 0x1f, 0xc3,
    0xff, 0xc0, 0x3, 0xf8, 0x3f, 0x87, 0xf8, 0x0,
    0x7, 0xff, 0xff, 0xf, 0xf0, 0x0, 0xf, 0xff,
    0xfe, 0x1f, 0xe0, 0x0, 0x1f, 0xff, 0xfc, 0x3f,
    0xc0, 0x0, 0x3f, 0xff, 0xf8, 0x7f, 0x80, 0x0,
    0xf, 0xff, 0x0, 0xff, 0x0, 0x0, 0x1f, 0xfe,
    0x1, 0xfe, 0x0, 0x0, 0x3f, 0xfc, 0x3, 0xfc,
    0x0, 0x0, 0x7f, 0xf8, 0x0,

    /* U+0026 "&" */
    0x0, 0xf, 0xff, 0xf0, 0x0, 0x0, 0x1, 0xff,
    0xfe, 0x0, 0x0, 0x0, 0x3f, 0xff, 0xc0, 0x0,
    0x0, 0x7, 0xff, 0xf8, 0x0, 0x0, 0xf, 0xff,
    0xff, 0xe0, 0x0, 0x1, 0xff, 0xff, 0xfc, 0x0,
    0x0, 0x3f, 0xff, 0xff, 0x80, 0x0, 0x7, 0xff,
    0xff, 0xf0, 0x0, 0x0, 0xff, 0x0, 0xfe, 0x0,
    0x0, 0x1f, 0xe0, 0x1f, 0xc0, 0x0, 0x3, 0xfc,
    0x3, 0xf8, 0x0, 0x0, 0x7f, 0x80, 0x7f, 0x0,
    0x0, 0xf, 0xf0, 0xf, 0xe0, 0x0, 0x1, 0xfe,
    0x1, 0xfc, 0x0, 0x0, 0x3f, 0xc0, 0x3f, 0x80,
    0x0, 0x7, 0xf8, 0x7, 0xf0, 0x0, 0x0, 0xff,
    0x0, 0xfe, 0x0, 0x0, 0x1f, 0xff, 0xff, 0xc0,
    0x0, 0x3, 0xff, 0xff, 0xf8, 0x0, 0x0, 0x7,
    0xff, 0xf8, 0x0, 0x0, 0x0, 0xff, 0xff, 0x0,
    0x0, 0x0, 0x1f, 0xff, 0xe0, 0x0, 0x0, 0x3,
    0xff, 0xfc, 0x0, 0x0, 0x0, 0x7f, 0xff, 0x80,
    0x0, 0x0, 0xff, 0xff, 0x0, 0xf, 0xe0, 0x1f,
    0xff, 0xe0, 0x1, 0xfc, 0x3, 0xff, 0xfc, 0x0,
    0x3f, 0x80, 0x7f, 0xff, 0x80, 0x7, 0xf0, 0xff,
    0xff, 0xff, 0x1f, 0xfe, 0x1f, 0xff, 0xff, 0xe3,
    0xff, 0xc3, 0xff, 0xff, 0xfc, 0x7f, 0xf8, 0x7f,
    0xff, 0xff, 0x8f, 0xff, 0xff, 0xf0, 0x1f, 0xff,
    0xfe, 0x1f, 0xfe, 0x3, 0xff, 0xff, 0xc3, 0xff,
    0xc0, 0x7f, 0xff, 0xf8, 0x7f, 0xf8, 0xf, 0xff,
    0xff, 0xf, 0xf0, 0x0, 0xf, 0xff, 0x1, 0xfe,
    0x0, 0x1, 0xff, 0xe0, 0x3f, 0xc0, 0x0, 0x3f,
    0xfc, 0x7, 0xf8, 0x0, 0x7, 0xff, 0x80, 0xff,
    0x0, 0x0, 0xff, 0xf0, 0x1f, 0xe0, 0x0, 0x1f,
    0xfe, 0x3, 0xfc, 0x0, 0x3, 0xff, 0xc0, 0x7f,
    0xf8, 0xf, 0xff, 0xff, 0xf, 0xff, 0x1, 0xff,
    0xff, 0xe1, 0xff, 0xe0, 0x3f, 0xff, 0xfc, 0x3f,
    0xfc, 0x7, 0xff, 0xff, 0x80, 0x7f, 0xff, 0xff,
    0x8f, 0xff, 0xf, 0xff, 0xff, 0xf1, 0xff, 0xe1,
    0xff, 0xff, 0xfe, 0x3f, 0xfc, 0x3f, 0xff, 0xff,
    0xc7, 0xff, 0x80, 0x7f, 0xff, 0x80, 0x7, 0xf0,
    0xf, 0xff, 0xf0, 0x0, 0xfe, 0x1, 0xff, 0xfe,
    0x0, 0x1f, 0xc0, 0x3f, 0xff, 0xc0, 0x3, 0xf8,

    /* U+0027 "'" */
    0xff, 0xff, 0xff, 0xff, 0xff, 0xff, 0xff, 0xff,
    0xff, 0xff, 0xff, 0xff, 0xff, 0xff, 0xff, 0xff,
    0xff, 0xff, 0xff,

    /* U+0028 "(" */
    0x0, 0xf, 0xff, 0x0, 0xf, 0xff, 0x0, 0xf,
    0xff, 0x0, 0xf, 0xff, 0x0, 0xff, 0xff, 0x0,
    0xff, 0xff, 0x0, 0xff, 0xff, 0x0, 0xff, 0xff,
    0xf, 0xff, 0x0, 0xf, 0xff, 0x0, 0xf, 0xff,
    0x0, 0xf, 0xff, 0x0, 0xff, 0xf0, 0x0, 0xff,
    0xf0, 0x0, 0xff, 0xf0, 0x0, 0xff, 0xf0, 0x0,
    0xff, 0x0, 0x0, 0xff, 0x0, 0x0, 0xff, 0x0,
    0x0, 0xff, 0x0, 0x0, 0xff, 0x0, 0x0, 0xff,
    0x0, 0x0, 0xff, 0x0, 0x0, 0xff, 0x0, 0x0,
    0xff, 0x0, 0x0, 0xff, 0x0, 0x0, 0xff, 0x0,
    0x0, 0xff, 0x0, 0x0, 0xff, 0x0, 0x0, 0xff,
    0x0, 0x0, 0xff, 0x0, 0x0, 0xff, 0x0, 0x0,
    0xff, 0x0, 0x0, 0xff, 0x0, 0x0, 0xff, 0x0,
    0x0, 0xff, 0x0, 0x0, 0xff, 0x0, 0x0, 0xff,
    0x0, 0x0, 0xff, 0x0, 0x0, 0xff, 0x0, 0x0,
    0xff, 0x0, 0x0, 0xff, 0x0, 0x0, 0xff, 0x0,
    0x0, 0xff, 0x0, 0x0, 0xff, 0x0, 0x0, 0xff,
    0x0, 0x0, 0xff, 0x0, 0x0, 0xff, 0x0, 0x0,
    0xff, 0x0, 0x0, 0xff, 0x0, 0x0, 0xff, 0x0,
    0x0, 0xff, 0x0, 0x0, 0xff, 0x0, 0x0, 0xff,
    0x0, 0x0, 0xff, 0x0, 0x0, 0xff, 0x0, 0x0,
    0xff, 0x0, 0x0, 0xff, 0x0, 0x0, 0xff, 0x0,
    0x0, 0xff, 0x0, 0x0, 0xff, 0x0, 0x0, 0xff,
    0x0, 0x0, 0xff, 0x0, 0x0, 0xff, 0xf0, 0x0,
    0xff, 0xf0, 0x0, 0xff, 0xf0, 0x0, 0xff, 0xf0,
    0x0, 0xf, 0xff, 0x0, 0xf, 0xff, 0x0, 0xf,
    0xff, 0x0, 0xf, 0xff, 0x0, 0x0, 0xff, 0xff,
    0x0, 0xff, 0xff, 0x0, 0xff, 0xff, 0x0, 0xff,
    0xff, 0x0, 0xf, 0xff, 0x0, 0xf, 0xff, 0x0,
    0xf, 0xff, 0x0, 0xf, 0xff,

    /* U+0029 ")" */
    0xff, 0xf0, 0x0, 0xff, 0xf0, 0x0, 0xff, 0xf0,
    0x0, 0xff, 0xf0, 0x0, 0xff, 0xff, 0x0, 0xff,
    0xff, 0x0, 0xff, 0xff, 0x0, 0xff, 0xff, 0x0,
    0x0, 0xff, 0xf0, 0x0, 0xff, 0xf0, 0x0, 0xff,
    0xf0, 0x0, 0xff, 0xf0, 0x0, 0xf, 0xff, 0x0,
    0xf, 0xff, 0x0, 0xf, 0xff, 0x0, 0xf, 0xff,
    0x0, 0x0, 0xff, 0x0, 0x0, 0xff, 0x0, 0x0,
    0xff, 0x0, 0x0, 0xff, 0x0, 0x0, 0xff, 0x0,
    0x0, 0xff, 0x0, 0x0, 0xff, 0x0, 0x0, 0xff,
    0x0, 0x0, 0xff, 0x0, 0x0, 0xff, 0x0, 0x0,
    0xff, 0x0, 0x0, 0xff, 0x0, 0x0, 0xff, 0x0,
    0x0, 0xff, 0x0, 0x0, 0xff, 0x0, 0x0, 0xff,
    0x0, 0x0, 0xff, 0x0, 0x0, 0xff, 0x0, 0x0,
    0xff, 0x0, 0x0, 0xff, 0x0, 0x0, 0xff, 0x0,
    0x0, 0xff, 0x0, 0x0, 0xff, 0x0, 0x0, 0xff,
    0x0, 0x0, 0xff, 0x0, 0x0, 0xff, 0x0, 0x0,
    0xff, 0x0, 0x0, 0xff, 0x0, 0x0, 0xff, 0x0,
    0x0, 0xff, 0x0, 0x0, 0xff, 0x0, 0x0, 0xff,
    0x0, 0x0, 0xff, 0x0, 0x0, 0xff, 0x0, 0x0,
    0xff, 0x0, 0x0, 0xff, 0x0, 0x0, 0xff, 0x0,
    0x0, 0xff, 0x0, 0x0, 0xff, 0x0, 0x0, 0xff,
    0x0, 0x0, 0xff, 0x0, 0x0, 0xff, 0x0, 0x0,
    0xff, 0x0, 0x0, 0xff, 0x0, 0x0, 0xff, 0x0,
    0x0, 0xff, 0x0, 0x0, 0xff, 0x0, 0xf, 0xff,
    0x0, 0xf, 0xff, 0x0, 0xf, 0xff, 0x0, 0xf,
    0xff, 0x0, 0xff, 0xf0, 0x0, 0xff, 0xf0, 0x0,
    0xff, 0xf0, 0x0, 0xff, 0xf0, 0xff, 0xff, 0x0,
    0xff, 0xff, 0x0, 0xff, 0xff, 0x0, 0xff, 0xff,
    0x0, 0xff, 0xf0, 0x0, 0xff, 0xf0, 0x0, 0xff,
    0xf0, 0x0, 0xff, 0xf0, 0x0,

    /* U+002A "*" */
    0x0, 0x0, 0xff, 0x0, 0x0, 0x0, 0x1, 0xfe,
    0x0, 0x0, 0x0, 0x3, 0xfc, 0x0, 0x0, 0x0,
    0x7, 0xf8, 0x0, 0x0, 0x0, 0xf, 0xf0, 0x0,
    0x0, 0x0, 0x1f, 0xe0, 0x0, 0x0, 0x0, 0x3f,
    0xc0, 0x0, 0x0, 0x0, 0x7f, 0x80, 0x0, 0xff,
    0x0, 0xff, 0x0, 0xff, 0xfe, 0x1, 0xfe, 0x1,
    0xff, 0xfc, 0x3, 0xfc, 0x3, 0xff, 0xf8, 0x7,
    0xf8, 0x7, 0xff, 0xff, 0xf, 0xf0, 0xff, 0xff,
    0xfe, 0x1f, 0xe1, 0xff, 0xff, 0xfc, 0x3f, 0xc3,
    0xff, 0xff, 0xf8, 0x7f, 0x87, 0xff, 0xf, 0xff,
    0xff, 0xff, 0xe0, 0x1f, 0xff, 0xff, 0xff, 0xc0,
    0x3f, 0xff, 0xff, 0xff, 0x80, 0x7f, 0xff, 0xff,
    0xff, 0x0, 0xf, 0xff, 0xff, 0xf0, 0x0, 0x1f,
    0xff, 0xff, 0xe0, 0x0, 0x3f, 0xff, 0xff, 0xc0,
    0x0, 0x7f, 0xff, 0xff, 0x80, 0x0, 0xf, 0xff,
    0xf0, 0x0, 0x0, 0x1f, 0xff, 0xe0, 0x0, 0x0,
    0x3f, 0xff, 0xc0, 0x0, 0x0, 0x7f, 0xff, 0x80,
    0x0, 0x0, 0xff, 0xff, 0x0, 0x0, 0x1, 0xff,
    0xfe, 0x0, 0x0, 0x3, 0xff, 0xfc, 0x0, 0x0,
    0x7, 0xff, 0xf8, 0x0, 0x0, 0xff, 0xff, 0xff,
    0x0, 0x1, 0xff, 0xff, 0xfe, 0x0, 0x3, 0xff,
    0xff, 0xfc, 0x0, 0x7f, 0xff, 0xff, 0xff, 0x0,
    0xff, 0xff, 0xff, 0xfe, 0x1, 0xff, 0xff, 0xff,
    0xfc, 0x3, 0xff, 0xff, 0xff, 0xf8, 0x7, 0xf8,
    0x7f, 0x87, 0xf0, 0xff, 0xf0, 0xff, 0xf, 0xff,
    0xff, 0xe1, 0xfe, 0x1f, 0xff, 0xff, 0xc3, 0xfc,
    0x3f, 0xff, 0xff, 0x87, 0xf8, 0x7f, 0xff, 0xf0,
    0xf, 0xf0, 0xf, 0xff, 0xe0, 0x1f, 0xe0, 0x1f,
    0xff, 0xc0, 0x3f, 0xc0, 0x3f, 0xff, 0x80, 0x7f,
    0x80, 0x7f, 0x0, 0x0, 0xff, 0x0, 0x0, 0x0,
    0x1, 0xfe, 0x0, 0x0, 0x0, 0x3, 0xfc, 0x0,
    0x0, 0x0, 0x7, 0xf8, 0x0, 0x0, 0x0, 0xf,
    0xf0, 0x0, 0x0, 0x0, 0x1f, 0xe0, 0x0, 0x0,
    0x0, 0x3f, 0xc0, 0x0, 0x0,

    /* U+002B "+" */
    0x0, 0x0, 0xff, 0x0, 0x0, 0x0, 0x1, 0xfe,
    0x0, 0x0, 0x0, 0x3, 0xfc, 0x0, 0x0, 0x0,
    0x7, 0xf8, 0x0, 0x0, 0x0, 0xf, 0xf0, 0x0,
    0x0, 0x0, 0x1f, 0xe0, 0x0, 0x0, 0x0, 0x3f,
    0xc0, 0x0, 0x0, 0x0, 0x7f, 0x80, 0x0, 0x0,
    0x0, 0xff, 0x0, 0x0, 0x0, 0x1, 0xfe, 0x0,
    0x0, 0x0, 0x3, 0xfc, 0x0, 0x0, 0x0, 0x7,
    0xf8, 0x0, 0x0, 0x0, 0xf, 0xf0, 0x0, 0x0,
    0x0, 0x1f, 0xe0, 0x0, 0x0, 0x0, 0x3f, 0xc0,
    0x0, 0x7f, 0xff, 0xff, 0xff, 0xff, 0xff, 0xff,
    0xff, 0xff, 0xff, 0xff, 0xff, 0xff, 0xff, 0xff,
    0xff, 0xff, 0xff, 0xff, 0xff, 0xff, 0xff, 0xff,
    0xff, 0xff, 0xff, 0xff, 0xff, 0xff, 0xff, 0xff,
    0xff, 0xff, 0xff, 0xff, 0xff, 0xff, 0xff, 0xff,
    0x80, 0x0, 0x7f, 0x80, 0x0, 0x0, 0x0, 0xff,
    0x0, 0x0, 0x0, 0x1, 0xfe, 0x0, 0x0, 0x0,
    0x3, 0xfc, 0x0, 0x0, 0x0, 0x7, 0xf8, 0x0,
    0x0, 0x0, 0xf, 0xf0, 0x0, 0x0, 0x0, 0x1f,
    0xe0, 0x0, 0x0, 0x0, 0x3f, 0xc0, 0x0, 0x0,
    0x0, 0x7f, 0x80, 0x0, 0x0, 0x0, 0xff, 0x0,
    0x0, 0x0, 0x1, 0xfe, 0x0, 0x0, 0x0, 0x3,
    0xfc, 0x0, 0x0, 0x0, 0x7, 0xf8, 0x0, 0x0,
    0x0, 0xf, 0xf0, 0x0, 0x0, 0x0, 0x1f, 0xe0,
    0x0, 0x0, 0x0, 0x3f, 0xc0, 0x0, 0x0,

    /* U+002C "," */
    0xff, 0xff, 0xff, 0xff, 0xff, 0xff, 0xff, 0xff,
    0xff, 0xff, 0xff, 0xff, 0xff, 0xff, 0xff, 0xff,
    0xff, 0xff, 0xf, 0xf0, 0xff, 0xf, 0xf0, 0xff,
    0xff, 0xff, 0xff, 0xff, 0xff, 0xff, 0xff, 0xf,
    0xf0, 0xff, 0xf, 0xf0,

    /* U+002D "-" */
    0xff, 0xff, 0xff, 0xff, 0xff, 0xff, 0xff, 0xff,
    0xff, 0xff, 0xff, 0xff, 0xff, 0xff, 0xff, 0xff,
    0xff, 0xff, 0xff, 0xff, 0xff, 0xff, 0xff, 0xff,
    0xff, 0xff, 0xff, 0xff, 0xff, 0xff, 0xff, 0xff,
    0xff, 0xff, 0xff, 0xff, 0xff, 0xff, 0xff,

    /* U+002E "." */
    0xff, 0xff, 0xff, 0xff, 0xff, 0xff, 0xff, 0xff,
    0xff, 0xff, 0xff, 0xff, 0xff, 0xff, 0xff, 0xff,
    0xff, 0xff,

    /* U+002F "/" */
    0x0, 0x0, 0x0, 0x1, 0xfe, 0x0, 0x0, 0x0,
    0x3, 0xfc, 0x0, 0x0, 0x0, 0x7, 0xf8, 0x0,
    0x0, 0x0, 0xf, 0xf0, 0x0, 0x0, 0x0, 0x1f,
    0xe0, 0x0, 0x0, 0x0, 0x3f, 0xc0, 0x0, 0x0,
    0x0, 0x7f, 0x80, 0x0, 0x0, 0x0, 0xff, 0x0,
    0x0, 0x0, 0x1f, 0xfe, 0x0, 0x0, 0x0, 0x3f,
    0xfc, 0x0, 0x0, 0x0, 0x7f, 0xf8, 0x0, 0x0,
    0x0, 0xff, 0xf0, 0x0, 0x0, 0x1, 0xfe, 0x0,
    0x0, 0x0, 0x3, 0xfc, 0x0, 0x0, 0x0, 0x7,
    0xf8, 0x0, 0x0, 0x0, 0xf, 0xf0, 0x0, 0x0,
    0x0, 0xff, 0xe0, 0x0, 0x0, 0x1, 0xff, 0xc0,
    0x0, 0x0, 0x3, 0xff, 0x80, 0x0, 0x0, 0x7,
    0xff, 0x0, 0x0, 0x0, 0xf, 0xe0, 0x0, 0x0,
    0x0, 0x1f, 0xc0, 0x0, 0x0, 0x0, 0x3f, 0x80,
    0x0, 0x0, 0x0, 0x7f, 0x0, 0x0, 0x0, 0xf,
    0xfe, 0x0, 0x0, 0x0, 0x1f, 0xfc, 0x0, 0x0,
    0x0, 0x3f, 0xf8, 0x0, 0x0, 0x0, 0x7f, 0x0,
    0x0, 0x0, 0x0, 0xfe, 0x0, 0x0, 0x0, 0x1,
    0xfc, 0x0, 0x0, 0x0, 0x3, 0xf8, 0x0, 0x0,
    0x0, 0x7, 0xf0, 0x0, 0x0, 0x0, 0xff, 0xe0,
    0x0, 0x0, 0x1, 0xff, 0xc0, 0x0, 0x0, 0x3,
    0xff, 0x80, 0x0, 0x0, 0x7, 0xf8, 0x0, 0x0,
    0x0, 0xf, 0xf0, 0x0, 0x0, 0x0, 0x1f, 0xe0,
    0x0, 0x0, 0x0, 0x3f, 0xc0, 0x0, 0x0, 0x7,
    0xff, 0x80, 0x0, 0x0, 0xf, 0xff, 0x0, 0x0,
    0x0, 0x1f, 0xfe, 0x0, 0x0, 0x0, 0x3f, 0xfc,
    0x0, 0x0, 0x0, 0x7f, 0x80, 0x0, 0x0, 0x0,
    0xff, 0x0, 0x0, 0x0, 0x1, 0xfe, 0x0, 0x0,
    0x0, 0x3, 0xfc, 0x0, 0x0, 0x0, 0x7f, 0xf8,
    0x0, 0x0, 0x0, 0xff, 0xf0, 0x0, 0x0, 0x1,
    0xff, 0xe0, 0x0, 0x0, 0x3, 0xff, 0xc0, 0x0,
    0x0, 0x7, 0xf8, 0x0, 0x0, 0x0, 0xf, 0xf0,
    0x0, 0x0, 0x0, 0x1f, 0xe0, 0x0, 0x0, 0x3,
    0xff, 0xc0, 0x0, 0x0, 0x7, 0xff, 0x80, 0x0,
    0x0, 0xf, 0xff, 0x0, 0x0, 0x0, 0x1f, 0xfe,
    0x0, 0x0, 0x0, 0x3f, 0xc0, 0x0, 0x0, 0x0,
    0x7f, 0x80, 0x0, 0x0, 0x0, 0xff, 0x0, 0x0,
    0x0, 0x1, 0xfe, 0x0, 0x0, 0x0, 0x3f, 0xfc,
    0x0, 0x0, 0x0, 0x7f, 0xf8, 0x0, 0x0, 0x0,
    0xff, 0xf0, 0x0, 0x0, 0x1, 0xff, 0xe0, 0x0,
    0x0, 0x3, 0xfc, 0x0, 0x0, 0x0, 0x7, 0xf8,
    0x0, 0x0, 0x0, 0xf, 0xf0, 0x0, 0x0, 0x0,
    0x1f, 0xe0, 0x0, 0x0, 0x0, 0x3f, 0xc0, 0x0,
    0x0, 0x0, 0x7f, 0x80, 0x0, 0x0, 0x0, 0xff,
    0x0, 0x0, 0x0, 0x1, 0xfe, 0x0, 0x0, 0x0,
    0x0,

    /* U+0030 "0" */
    0x0, 0xff, 0xff, 0xff, 0x0, 0x1, 0xff, 0xff,
    0xfe, 0x0, 0x3, 0xff, 0xff, 0xfc, 0x0, 0x7,
    0xff, 0xff, 0xf8, 0x0, 0xff, 0xff, 0xff, 0xfe,
    0x1, 0xff, 0xff, 0xff, 0xfc, 0x3, 0xff, 0xff,
    0xff, 0xf8, 0x7, 0xff, 0xff, 0xff, 0xf0, 0xff,
    0xf0, 0x0, 0xf, 0xff, 0xff, 0xe0, 0x0, 0x1f,
    0xff, 0xff, 0xc0, 0x0, 0x3f, 0xff, 0xff, 0x80,
    0x0, 0x7f, 0xff, 0xf0, 0x0, 0x0, 0xf, 0xff,
    0xe0, 0x0, 0x0, 0x1f, 0xff, 0xc0, 0x0, 0x0,
    0x3f, 0xff, 0x80, 0x0, 0x0, 0x7f, 0xff, 0x0,
    0x0, 0xf, 0xff, 0xfe, 0x0, 0x0, 0x1f, 0xff,
    0xfc, 0x0, 0x0, 0x3f, 0xff, 0xf8, 0x0, 0x0,
    0x7f, 0xff, 0xf0, 0x0, 0xf, 0xff, 0xff, 0xe0,
    0x0, 0x1f, 0xff, 0xff, 0xc0, 0x0, 0x3f, 0xff,
    0xff, 0x80, 0x0, 0x7f, 0xff, 0xff, 0x0, 0xf,
    0xff, 0xff, 0xfe, 0x0, 0x1f, 0xff, 0xff, 0xfc,
    0x0, 0x3f, 0xff, 0xff, 0xf8, 0x0, 0x7f, 0xff,
    0xff, 0xf0, 0xf, 0xff, 0xf, 0xff, 0xe0, 0x1f,
    0xfe, 0x1f, 0xff, 0xc0, 0x3f, 0xfc, 0x3f, 0xff,
    0x80, 0x7f, 0xf8, 0x7f, 0xff, 0xf, 0xff, 0x0,
    0xff, 0xfe, 0x1f, 0xfe, 0x1, 0xff, 0xfc, 0x3f,
    0xfc, 0x3, 0xff, 0xff, 0xff, 0x80, 0x7, 0xff,
    0xff, 0xff, 0x0, 0xf, 0xff, 0xff, 0xfe, 0x0,
    0x1f, 0xff, 0xff, 0xfc, 0x0, 0x3f, 0xff, 0xff,
    0xf8, 0x0, 0x7f, 0xff, 0xff, 0x0, 0x0, 0xff,
    0xff, 0xfe, 0x0, 0x1, 0xff, 0xff, 0xfc, 0x0,
    0x3, 0xff, 0xff, 0xf8, 0x0, 0x7, 0xff, 0xff,
    0x0, 0x0, 0xf, 0xff, 0xfe, 0x0, 0x0, 0x1f,
    0xff, 0xfc, 0x0, 0x0, 0x3f, 0xff, 0x80, 0x0,
    0x0, 0x7f, 0xff, 0x0, 0x0, 0x0, 0xff, 0xfe,
    0x0, 0x0, 0x1, 0xff, 0xfc, 0x0, 0x0, 0x3,
    0xff, 0xff, 0x80, 0x0, 0x7f, 0xff, 0xff, 0x0,
    0x0, 0xff, 0xff, 0xfe, 0x0, 0x1, 0xff, 0xff,
    0xfc, 0x0, 0x3, 0xff, 0x87, 0xff, 0xff, 0xff,
    0xf0, 0xf, 0xff, 0xff, 0xff, 0xe0, 0x1f, 0xff,
    0xff, 0xff, 0xc0, 0x3f, 0xff, 0xff, 0xff, 0x80,
    0x7, 0xff, 0xff, 0xf8, 0x0, 0xf, 0xff, 0xff,
    0xf0, 0x0, 0x1f, 0xff, 0xff, 0xe0, 0x0, 0x3f,
    0xff, 0xff, 0xc0, 0x0,

    /* U+0031 "1" */
    0x0, 0xff, 0x0, 0x0, 0xff, 0x0, 0x0, 0xff,
    0x0, 0x0, 0xff, 0x0, 0xf, 0xff, 0x0, 0xf,
    0xff, 0x0, 0xf, 0xff, 0x0, 0xf, 0xff, 0x0,
    0xff, 0xff, 0x0, 0xff, 0xff, 0x0, 0xff, 0xff,
    0x0, 0xff, 0xff, 0x0, 0xff, 0xff, 0x0, 0xff,
    0xff, 0x0, 0xff, 0xff, 0x0, 0xff, 0xff, 0x0,
    0x0, 0xff, 0x0, 0x0, 0xff, 0x0, 0x0, 0xff,
    0x0, 0x0, 0xff, 0x0, 0x0, 0xff, 0x0, 0x0,
    0xff, 0x0, 0x0, 0xff, 0x0, 0x0, 0xff, 0x0,
    0x0, 0xff, 0x0, 0x0, 0xff, 0x0, 0x0, 0xff,
    0x0, 0x0, 0xff, 0x0, 0x0, 0xff, 0x0, 0x0,
    0xff, 0x0, 0x0, 0xff, 0x0, 0x0, 0xff, 0x0,
    0x0, 0xff, 0x0, 0x0, 0xff, 0x0, 0x0, 0xff,
    0x0, 0x0, 0xff, 0x0, 0x0, 0xff, 0x0, 0x0,
    0xff, 0x0, 0x0, 0xff, 0x0, 0x0, 0xff, 0x0,
    0x0, 0xff, 0x0, 0x0, 0xff, 0x0, 0x0, 0xff,
    0x0, 0x0, 0xff, 0x0, 0x0, 0xff, 0x0, 0x0,
    0xff, 0x0, 0x0, 0xff, 0x0, 0x0, 0xff, 0x0,
    0x0, 0xff, 0x0, 0x0, 0xff, 0x0, 0x0, 0xff,
    0x0, 0x0, 0xff, 0x0, 0x0, 0xff, 0x0, 0x0,
    0xff, 0x0, 0x0, 0xff, 0x0, 0xff, 0xff, 0xff,
    0xff, 0xff, 0xff, 0xff, 0xff, 0xff, 0xff, 0xff,
    0xff, 0xff, 0xff, 0xff, 0xff, 0xff, 0xff, 0xff,
    0xff, 0xff, 0xff, 0xff, 0xff,

    /* U+0032 "2" */
    0x0, 0xff, 0xff, 0xfe, 0x0, 0x1, 0xff, 0xff,
    0xfc, 0x0, 0x3, 0xff, 0xff, 0xf8, 0x0, 0x7,
    0xff, 0xff, 0xf0, 0x0, 0xff, 0xff, 0xff, 0xfe,
    0x1, 0xff, 0xff, 0xff, 0xfc, 0x3, 0xff, 0xff,
    0xff, 0xf8, 0x7, 0xff, 0xff, 0xff, 0xf0, 0xff,
    0xf0, 0x0, 0xf, 0xff, 0xff, 0xe0, 0x0, 0x1f,
    0xff, 0xff, 0xc0, 0x0, 0x3f, 0xff, 0xff, 0x80,
    0x0, 0x7f, 0xff, 0xf0, 0x0, 0x0, 0x1f, 0xff,
    0xe0, 0x0, 0x0, 0x3f, 0xff, 0xc0, 0x0, 0x0,
    0x7f, 0xff, 0x80, 0x0, 0x0, 0xff, 0xff, 0x0,
    0x0, 0x1, 0xff, 0xfe, 0x0, 0x0, 0x3, 0xff,
    0xfc, 0x0, 0x0, 0x7, 0xff, 0xf8, 0x0, 0x0,
    0xf, 0xf0, 0x0, 0x0, 0x0, 0x1f, 0xe0, 0x0,
    0x0, 0x0, 0x3f, 0xc0, 0x0, 0x0, 0x0, 0x7f,
    0x80, 0x0, 0x0, 0x0, 0xff, 0x0, 0x0, 0x0,
    0xf, 0xfe, 0x0, 0x0, 0x0, 0x1f, 0xfc, 0x0,
    0x0, 0x0, 0x3f, 0xf8, 0x0, 0x0, 0x0, 0x7f,
    0x0, 0x0, 0x0, 0xf, 0xfe, 0x0, 0x0, 0x0,
    0x1f, 0xfc, 0x0, 0x0, 0x0, 0x3f, 0xf8, 0x0,
    0x0, 0x0, 0x7f, 0x0, 0x0, 0x0, 0xf, 0xfe,
    0x0, 0x0, 0x0, 0x1f, 0xfc, 0x0, 0x0, 0x0,
    0x3f, 0xf8, 0x0, 0x0, 0x7, 0xff, 0x80, 0x0,
    0x0, 0xf, 0xff, 0x0, 0x0, 0x0, 0x1f, 0xfe,
    0x0, 0x0, 0x0, 0x3f, 0xfc, 0x0, 0x0, 0x7,
    0xff, 0x80, 0x0, 0x0, 0xf, 0xff, 0x0, 0x0,
    0x0, 0x1f, 0xfe, 0x0, 0x0, 0x0, 0x3f, 0xfc,
    0x0, 0x0, 0x7, 0xff, 0x80, 0x0, 0x0, 0xf,
    0xff, 0x0, 0x0, 0x0, 0x1f, 0xfe, 0x0, 0x0,
    0x0, 0x3f, 0xfc, 0x0, 0x0, 0x7, 0xff, 0x80,
    0x0, 0x0, 0xf, 0xff, 0x0, 0x0, 0x0, 0x1f,
    0xfe, 0x0, 0x0, 0x0, 0x3f, 0xfc, 0x0, 0x0,
    0x7, 0xff, 0x80, 0x0, 0x0, 0xf, 0xff, 0x0,
    0x0, 0x0, 0x1f, 0xfe, 0x0, 0x0, 0x0, 0x3f,
    0xfc, 0x0, 0x0, 0x0, 0x7f, 0xff, 0xff, 0xff,
    0xff, 0xff, 0xff, 0xff, 0xff, 0xff, 0xff, 0xff,
    0xff, 0xff, 0xff, 0xff, 0xff, 0xff, 0xff, 0xff,
    0xff, 0xff, 0xff, 0xff, 0xff, 0xff, 0xff, 0xff,
    0xff, 0xff, 0xff, 0xff, 0xff, 0xff, 0xff, 0xff,
    0xff, 0xff, 0xff, 0x80,

    /* U+0033 "3" */
    0xff, 0xff, 0xff, 0xff, 0xff, 0xff, 0xff, 0xff,
    0xff, 0xff, 0xff, 0xff, 0xff, 0xff, 0xff, 0xff,
    0xff, 0xff, 0xff, 0xff, 0xff, 0xff, 0xff, 0xff,
    0xff, 0xff, 0xff, 0xff, 0xff, 0xff, 0xff, 0xff,
    0xff, 0xff, 0xff, 0xff, 0xff, 0xff, 0xff, 0x0,
    0x0, 0x0, 0xf, 0xfe, 0x0, 0x0, 0x0, 0x1f,
    0xfc, 0x0, 0x0, 0x0, 0x3f, 0xf8, 0x0, 0x0,
    0x0, 0x7f, 0xf0, 0x0, 0x0, 0x1f, 0xfe, 0x0,
    0x0, 0x0, 0x3f, 0xfc, 0x0, 0x0, 0x0, 0x7f,
    0xf8, 0x0, 0x0, 0x0, 0xff, 0xf0, 0x0, 0x0,
    0xf, 0xff, 0x0, 0x0, 0x0, 0x1f, 0xfe, 0x0,
    0x0, 0x0, 0x3f, 0xfc, 0x0, 0x0, 0x0, 0x7f,
    0xf8, 0x0, 0x0, 0xf, 0xff, 0x0, 0x0, 0x0,
    0x1f, 0xfe, 0x0, 0x0, 0x0, 0x3f, 0xfc, 0x0,
    0x0, 0x0, 0x7f, 0xf8, 0x0, 0x0, 0x0, 0xff,
    0xf0, 0x0, 0x0, 0x1, 0xff, 0xe0, 0x0, 0x0,
    0x3, 0xff, 0xc0, 0x0, 0x0, 0x7, 0xff, 0x80,
    0x0, 0x0, 0x0, 0xff, 0xf0, 0x0, 0x0, 0x1,
    0xff, 0xe0, 0x0, 0x0, 0x3, 0xff, 0xc0, 0x0,
    0x0, 0x0, 0xff, 0x80, 0x0, 0x0, 0x1, 0xff,
    0xe0, 0x0, 0x0, 0x3, 0xff, 0xc0, 0x0, 0x0,
    0x7, 0xff, 0x80, 0x0, 0x0, 0x0, 0x7f, 0x0,
    0x0, 0x0, 0x0, 0xff, 0xe0, 0x0, 0x0, 0x1,
    0xff, 0xc0, 0x0, 0x0, 0x3, 0xff, 0x80, 0x0,
    0x0, 0x7, 0xff, 0x0, 0x0, 0x0, 0x0, 0xfe,
    0x0, 0x0, 0x0, 0x1, 0xfc, 0x0, 0x0, 0x0,
    0x3, 0xff, 0xf8, 0x0, 0x0, 0x7, 0xff, 0xf0,
    0x0, 0x0, 0xf, 0xff, 0xe0, 0x0, 0x0, 0x1f,
    0xff, 0xc0, 0x0, 0x0, 0x3f, 0xff, 0x80, 0x0,
    0x0, 0x7f, 0xff, 0x0, 0x0, 0x0, 0xff, 0xfe,
    0x0, 0x0, 0x1, 0xff, 0xfc, 0x0, 0x0, 0x3,
    0xff, 0xff, 0x80, 0x0, 0x7f, 0xff, 0xff, 0x0,
    0x0, 0xff, 0xff, 0xfe, 0x0, 0x1, 0xff, 0xff,
    0xfc, 0x0, 0x3, 0xff, 0x87, 0xff, 0xff, 0xff,
    0xf0, 0xf, 0xff, 0xff, 0xff, 0xe0, 0x1f, 0xff,
    0xff, 0xff, 0xc0, 0x3f, 0xff, 0xff, 0xff, 0x80,
    0x7, 0xff, 0xff, 0xf8, 0x0, 0xf, 0xff, 0xff,
    0xf0, 0x0, 0x1f, 0xff, 0xff, 0xe0, 0x0, 0x3f,
    0xff, 0xff, 0xc0, 0x0,

    /* U+0034 "4" */
    0x0, 0x0, 0x0, 0x1f, 0xe0, 0x0, 0x0, 0x0,
    0x3f, 0xc0, 0x0, 0x0, 0x0, 0x7f, 0x80, 0x0,
    0x0, 0x0, 0xff, 0x0, 0x0, 0x0, 0xf, 0xfe,
    0x0, 0x0, 0x0, 0x1f, 0xfc, 0x0, 0x0, 0x0,
    0x3f, 0xf8, 0x0, 0x0, 0x0, 0x7f, 0xf0, 0x0,
    0x0, 0xf, 0xff, 0xe0, 0x0, 0x0, 0x1f, 0xff,
    0xc0, 0x0, 0x0, 0x3f, 0xff, 0x80, 0x0, 0x0,
    0x7f, 0xff, 0x0, 0x0, 0xf, 0xff, 0xfe, 0x0,
    0x0, 0x1f, 0xff, 0xfc, 0x0, 0x0, 0x3f, 0xff,
    0xf8, 0x0, 0x0, 0x7f, 0xff, 0xf0, 0x0, 0xf,
    0xff, 0x1f, 0xe0, 0x0, 0x1f, 0xfe, 0x3f, 0xc0,
    0x0, 0x3f, 0xfc, 0x7f, 0x80, 0x0, 0x7f, 0xf8,
    0xff, 0x0, 0xf, 0xff, 0x1, 0xfe, 0x0, 0x1f,
    0xfe, 0x3, 0xfc, 0x0, 0x3f, 0xfc, 0x7, 0xf8,
    0x0, 0x7f, 0xf8, 0xf, 0xf0, 0xf, 0xff, 0x0,
    0x1f, 0xe0, 0x1f, 0xfe, 0x0, 0x3f, 0xc0, 0x3f,
    0xfc, 0x0, 0x7f, 0x80, 0x7f, 0xf8, 0x0, 0xff,
    0xf, 0xff, 0x0, 0x1, 0xfe, 0x1f, 0xfe, 0x0,
    0x3, 0xfc, 0x3f, 0xfc, 0x0, 0x7, 0xf8, 0x7f,
    0xf8, 0x0, 0xf, 0xf0, 0xff, 0x0, 0x0, 0x1f,
    0xe1, 0xfe, 0x0, 0x0, 0x3f, 0xc3, 0xfc, 0x0,
    0x0, 0x7f, 0x87, 0xf8, 0x0, 0x0, 0xff, 0xf,
    0xf0, 0x0, 0x1, 0xfe, 0x1f, 0xe0, 0x0, 0x3,
    0xfc, 0x3f, 0xc0, 0x0, 0x7, 0xf8, 0x7f, 0xff,
    0xff, 0xff, 0xff, 0xff, 0xff, 0xff, 0xff, 0xff,
    0xff, 0xff, 0xff, 0xff, 0xff, 0xff, 0xff, 0xff,
    0xff, 0xff, 0xff, 0xff, 0xff, 0xff, 0xff, 0xff,
    0xff, 0xff, 0xff, 0xff, 0xff, 0xff, 0xff, 0xff,
    0xff, 0xff, 0xff, 0xff, 0xff, 0x80, 0x0, 0x0,
    0xf, 0xf0, 0x0, 0x0, 0x0, 0x1f, 0xe0, 0x0,
    0x0, 0x0, 0x3f, 0xc0, 0x0, 0x0, 0x0, 0x7f,
    0x80, 0x0, 0x0, 0x0, 0xff, 0x0, 0x0, 0x0,
    0x1, 0xfe, 0x0, 0x0, 0x0, 0x3, 0xfc, 0x0,
    0x0, 0x0, 0x7, 0xf8, 0x0, 0x0, 0x0, 0xf,
    0xf0, 0x0, 0x0, 0x0, 0x1f, 0xe0, 0x0, 0x0,
    0x0, 0x3f, 0xc0, 0x0, 0x0, 0x0, 0x7f, 0x80,
    0x0, 0x0, 0x0, 0xff, 0x0, 0x0, 0x0, 0x1,
    0xfe, 0x0, 0x0, 0x0, 0x3, 0xfc, 0x0, 0x0,
    0x0, 0x7, 0xf8, 0x0,

    /* U+0035 "5" */
    0xff, 0xff, 0xff, 0xff, 0xff, 0xff, 0xff, 0xff,
    0xff, 0xff, 0xff, 0xff, 0xff, 0xff, 0xff, 0xff,
    0xff, 0xff, 0xff, 0xff, 0xff, 0xff, 0xff, 0xff,
    0xff, 0xff, 0xff, 0xff, 0xff, 0xff, 0xff, 0xff,
    0xff, 0xff, 0xff, 0xff, 0xff, 0xff, 0xff, 0xff,
    0x0, 0x0, 0x0, 0x1, 0xfe, 0x0, 0x0, 0x0,
    0x3, 0xfc, 0x0, 0x0, 0x0, 0x7, 0xf8, 0x0,
    0x0, 0x0, 0xf, 0xf0, 0x0, 0x0, 0x0, 0x1f,
    0xe0, 0x0, 0x0, 0x0, 0x3f, 0xc0, 0x0, 0x0,
    0x0, 0x7f, 0x80, 0x0, 0x0, 0x0, 0xff, 0x0,
    0x0, 0x0, 0x1, 0xfe, 0x0, 0x0, 0x0, 0x3,
    0xfc, 0x0, 0x0, 0x0, 0x7, 0xf8, 0x0, 0x0,
    0x0, 0xf, 0xf0, 0x0, 0x0, 0x0, 0x1f, 0xe0,
    0x0, 0x0, 0x0, 0x3f, 0xc0, 0x0, 0x0, 0x0,
    0x7f, 0x80, 0x0, 0x0, 0x0, 0xff, 0xff, 0xff,
    0xff, 0x1, 0xff, 0xff, 0xff, 0xfe, 0x3, 0xff,
    0xff, 0xff, 0xfc, 0x7, 0xff, 0xff, 0xff, 0xf8,
    0xf, 0xff, 0xff, 0xff, 0xfe, 0x1f, 0xff, 0xff,
    0xff, 0xfc, 0x3f, 0xff, 0xff, 0xff, 0xf8, 0x7f,
    0xff, 0xff, 0xff, 0xf0, 0x0, 0x0, 0x0, 0xf,
    0xfe, 0x0, 0x0, 0x0, 0x1f, 0xfc, 0x0, 0x0,
    0x0, 0x3f, 0xf8, 0x0, 0x0, 0x0, 0x7f, 0xf0,
    0x0, 0x0, 0x0, 0xf, 0xe0, 0x0, 0x0, 0x0,
    0x1f, 0xc0, 0x0, 0x0, 0x0, 0x3f, 0x80, 0x0,
    0x0, 0x0, 0x7f, 0x0, 0x0, 0x0, 0x0, 0xfe,
    0x0, 0x0, 0x0, 0x1, 0xfc, 0x0, 0x0, 0x0,
    0x3, 0xf8, 0x0, 0x0, 0x0, 0x7, 0xf0, 0x0,
    0x0, 0x0, 0xf, 0xe0, 0x0, 0x0, 0x0, 0x1f,
    0xc0, 0x0, 0x0, 0x0, 0x3f, 0xff, 0x80, 0x0,
    0x0, 0x7f, 0xff, 0x0, 0x0, 0x0, 0xff, 0xfe,
    0x0, 0x0, 0x1, 0xff, 0xfc, 0x0, 0x0, 0x3,
    0xff, 0xff, 0x80, 0x0, 0x7f, 0xff, 0xff, 0x0,
    0x0, 0xff, 0xff, 0xfe, 0x0, 0x1, 0xff, 0xff,
    0xfc, 0x0, 0x3, 0xff, 0x87, 0xff, 0xff, 0xff,
    0xf0, 0xf, 0xff, 0xff, 0xff, 0xe0, 0x1f, 0xff,
    0xff, 0xff, 0xc0, 0x3f, 0xff, 0xff, 0xff, 0x80,
    0x7, 0xff, 0xff, 0xf8, 0x0, 0xf, 0xff, 0xff,
    0xf0, 0x0, 0x1f, 0xff, 0xff, 0xe0, 0x0, 0x3f,
    0xff, 0xff, 0xc0, 0x0,

    /* U+0036 "6" */
    0x0, 0xff, 0xff, 0xff, 0x0, 0x1, 0xff, 0xff,
    0xfe, 0x0, 0x3, 0xff, 0xff, 0xfc, 0x0, 0x7,
    0xff, 0xff, 0xf8, 0x0, 0xff, 0xff, 0xff, 0xfe,
    0x1, 0xff, 0xff, 0xff, 0xfc, 0x3, 0xff, 0xff,
    0xff, 0xf8, 0x7, 0xff, 0xff, 0xff, 0xf0, 0xff,
    0xf0, 0x0, 0xf, 0xff, 0xff, 0xe0, 0x0, 0x1f,
    0xff, 0xff, 0xc0, 0x0, 0x3f, 0xff, 0xff, 0x80,
    0x0, 0x7f, 0xff, 0xf0, 0x0, 0x0, 0xf, 0xff,
    0xe0, 0x0, 0x0, 0x1f, 0xff, 0xc0, 0x0, 0x0,
    0x3f, 0xff, 0x80, 0x0, 0x0, 0x7f, 0xff, 0x0,
    0x0, 0x0, 0x1, 0xfe, 0x0, 0x0, 0x0, 0x3,
    0xfc, 0x0, 0x0, 0x0, 0x7, 0xf8, 0x0, 0x0,
    0x0, 0xf, 0xf0, 0x0, 0x0, 0x0, 0x1f, 0xe0,
    0x0, 0x0, 0x0, 0x3f, 0xc0, 0x0, 0x0, 0x0,
    0x7f, 0x80, 0x0, 0x0, 0x0, 0xff, 0xff, 0xff,
    0xff, 0x1, 0xff, 0xff, 0xff, 0xfe, 0x3, 0xff,
    0xff, 0xff, 0xfc, 0x7, 0xff, 0xff, 0xff, 0xf8,
    0xf, 0xff, 0xff, 0xff, 0xfe, 0x1f, 0xff, 0xff,
    0xff, 0xfc, 0x3f, 0xff, 0xff, 0xff, 0xf8, 0x7f,
    0xff, 0xff, 0xff, 0xf0, 0xff, 0xf0, 0x0, 0xf,
    0xff, 0xff, 0xe0, 0x0, 0x1f, 0xff, 0xff, 0xc0,
    0x0, 0x3f, 0xff, 0xff, 0x80, 0x0, 0x7f, 0xff,
    0xf0, 0x0, 0x0, 0xf, 0xff, 0xe0, 0x0, 0x0,
    0x1f, 0xff, 0xc0, 0x0, 0x0, 0x3f, 0xff, 0x80,
    0x0, 0x0, 0x7f, 0xff, 0x0, 0x0, 0x0, 0xff,
    0xfe, 0x0, 0x0, 0x1, 0xff, 0xfc, 0x0, 0x0,
    0x3, 0xff, 0xf8, 0x0, 0x0, 0x7, 0xff, 0xf0,
    0x0, 0x0, 0xf, 0xff, 0xe0, 0x0, 0x0, 0x1f,
    0xff, 0xc0, 0x0, 0x0, 0x3f, 0xff, 0x80, 0x0,
    0x0, 0x7f, 0xff, 0x0, 0x0, 0x0, 0xff, 0xfe,
    0x0, 0x0, 0x1, 0xff, 0xfc, 0x0, 0x0, 0x3,
    0xff, 0xff, 0x80, 0x0, 0x7f, 0xff, 0xff, 0x0,
    0x0, 0xff, 0xff, 0xfe, 0x0, 0x1, 0xff, 0xff,
    0xfc, 0x0, 0x3, 0xff, 0x87, 0xff, 0xff, 0xff,
    0xf0, 0xf, 0xff, 0xff, 0xff, 0xe0, 0x1f, 0xff,
    0xff, 0xff, 0xc0, 0x3f, 0xff, 0xff, 0xff, 0x80,
    0x7, 0xff, 0xff, 0xf8, 0x0, 0xf, 0xff, 0xff,
    0xf0, 0x0, 0x1f, 0xff, 0xff, 0xe0, 0x0, 0x3f,
    0xff, 0xff, 0xc0, 0x0,

    /* U+0037 "7" */
    0xff, 0xff, 0xff, 0xff, 0xff, 0xff, 0xff, 0xff,
    0xff, 0xff, 0xff, 0xff, 0xff, 0xff, 0xff, 0xff,
    0xff, 0xff, 0xff, 0xff, 0xff, 0xff, 0xff, 0xff,
    0xff, 0xff, 0xff, 0xff, 0xff, 0xff, 0xff, 0xff,
    0xff, 0xff, 0xff, 0xff, 0xff, 0xff, 0xff, 0xff,
    0x0, 0x0, 0x0, 0x0, 0xff, 0x0, 0x0, 0x0,
    0x0, 0xff, 0x0, 0x0, 0x0, 0x0, 0xff, 0x0,
    0x0, 0x0, 0x0, 0xff, 0x0, 0x0, 0x0, 0x0,
    0xff, 0x0, 0x0, 0x0, 0x0, 0xff, 0x0, 0x0,
    0x0, 0x0, 0xff, 0x0, 0x0, 0x0, 0x0, 0xff,
    0x0, 0x0, 0x0, 0x0, 0xff, 0x0, 0x0, 0x0,
    0x0, 0xff, 0x0, 0x0, 0x0, 0x0, 0xff, 0x0,
    0x0, 0x0, 0x0, 0xff, 0x0, 0x0, 0x0, 0xf,
    0xff, 0x0, 0x0, 0x0, 0xf, 0xff, 0x0, 0x0,
    0x0, 0xf, 0xff, 0x0, 0x0, 0x0, 0xf, 0xff,
    0x0, 0x0, 0x0, 0xff, 0xf0, 0x0, 0x0, 0x0,
    0xff, 0xf0, 0x0, 0x0, 0x0, 0xff, 0xf0, 0x0,
    0x0, 0x0, 0xff, 0xf0, 0x0, 0x0, 0xf, 0xff,
    0x0, 0x0, 0x0, 0xf, 0xff, 0x0, 0x0, 0x0,
    0xf, 0xff, 0x0, 0x0, 0x0, 0xf, 0xff, 0x0,
    0x0, 0x0, 0xff, 0xf0, 0x0, 0x0, 0x0, 0xff,
    0xf0, 0x0, 0x0, 0x0, 0xff, 0xf0, 0x0, 0x0,
    0x0, 0xff, 0xf0, 0x0, 0x0, 0x0, 0xff, 0x0,
    0x0, 0x0, 0x0, 0xff, 0x0, 0x0, 0x0, 0x0,
    0xff, 0x0, 0x0, 0x0, 0x0, 0xff, 0x0, 0x0,
    0x0, 0x0, 0xff, 0x0, 0x0, 0x0, 0x0, 0xff,
    0x0, 0x0, 0x0, 0x0, 0xff, 0x0, 0x0, 0x0,
    0x0, 0xff, 0x0, 0x0, 0x0, 0x0, 0xff, 0x0,
    0x0, 0x0, 0x0, 0xff, 0x0, 0x0, 0x0, 0x0,
    0xff, 0x0, 0x0, 0x0, 0x0, 0xff, 0x0, 0x0,
    0x0, 0x0, 0xff, 0x0, 0x0, 0x0, 0x0, 0xff,
    0x0, 0x0, 0x0, 0x0, 0xff, 0x0, 0x0, 0x0,
    0x0, 0xff, 0x0, 0x0, 0x0, 0x0, 0xff, 0x0,
    0x0, 0x0, 0x0, 0xff, 0x0, 0x0, 0x0, 0x0,
    0xff, 0x0, 0x0, 0x0, 0x0, 0xff, 0x0, 0x0,
    0x0, 0x0, 0xff, 0x0, 0x0, 0x0, 0x0, 0xff,
    0x0, 0x0, 0x0, 0x0, 0xff, 0x0, 0x0, 0x0,
    0x0, 0xff, 0x0, 0x0, 0x0, 0x0, 0xff, 0x0,
    0x0, 0x0, 0x0, 0xff, 0x0, 0x0, 0x0, 0x0,
    0xff, 0x0, 0x0,

    /* U+0038 "8" */
    0x0, 0xff, 0xff, 0xff, 0x0, 0x1, 0xff, 0xff,
    0xfe, 0x0, 0x3, 0xff, 0xff, 0xfc, 0x0, 0x7,
    0xff, 0xff, 0xf8, 0x0, 0xff, 0xff, 0xff, 0xfe,
    0x1, 0xff, 0xff, 0xff, 0xfc, 0x3, 0xff, 0xff,
    0xff, 0xf8, 0x7, 0xff, 0xff, 0xff, 0xf0, 0xff,
    0xf0, 0x0, 0xf, 0xff, 0xff, 0xe0, 0x0, 0x1f,
    0xff, 0xff, 0xc0, 0x0, 0x3f, 0xff, 0xff, 0x80,
    0x0, 0x7f, 0xff, 0xf0, 0x0, 0x0, 0xf, 0xff,
    0xe0, 0x0, 0x0, 0x1f, 0xff, 0xc0, 0x0, 0x0,
    0x3f, 0xff, 0x80, 0x0, 0x0, 0x7f, 0xff, 0x0,
    0x0, 0x0, 0xff, 0xfe, 0x0, 0x0, 0x1, 0xff,
    0xfc, 0x0, 0x0, 0x3, 0xff, 0xf8, 0x0, 0x0,
    0x7, 0xff, 0xf0, 0x0, 0x0, 0xf, 0xff, 0xe0,
    0x0, 0x0, 0x1f, 0xff, 0xc0, 0x0, 0x0, 0x3f,
    0xff, 0x80, 0x0, 0x0, 0x7f, 0xff, 0xf0, 0x0,
    0xf, 0xff, 0xff, 0xe0, 0x0, 0x1f, 0xff, 0xff,
    0xc0, 0x0, 0x3f, 0xf8, 0x7f, 0x80, 0x0, 0x7f,
    0x0, 0xff, 0xff, 0xff, 0xfe, 0x1, 0xff, 0xff,
    0xff, 0xfc, 0x3, 0xff, 0xff, 0xff, 0xf8, 0x7,
    0xff, 0xff, 0xff, 0xf0, 0xf, 0xff, 0xff, 0xff,
    0xe0, 0x1f, 0xff, 0xff, 0xff, 0xc0, 0x3f, 0xff,
    0xff, 0xff, 0x80, 0x7f, 0xff, 0xff, 0xff, 0xf,
    0xff, 0x0, 0x0, 0xff, 0xff, 0xfe, 0x0, 0x1,
    0xff, 0xff, 0xfc, 0x0, 0x3, 0xff, 0xff, 0x80,
    0x0, 0x0, 0x7f, 0xff, 0x0, 0x0, 0x0, 0xff,
    0xfe, 0x0, 0x0, 0x1, 0xff, 0xfc, 0x0, 0x0,
    0x3, 0xff, 0xf8, 0x0, 0x0, 0x7, 0xff, 0xf0,
    0x0, 0x0, 0xf, 0xff, 0xe0, 0x0, 0x0, 0x1f,
    0xff, 0xc0, 0x0, 0x0, 0x3f, 0xff, 0x80, 0x0,
    0x0, 0x7f, 0xff, 0x0, 0x0, 0x0, 0xff, 0xfe,
    0x0, 0x0, 0x1, 0xff, 0xfc, 0x0, 0x0, 0x3,
    0xff, 0xff, 0x80, 0x0, 0x7f, 0xff, 0xff, 0x0,
    0x0, 0xff, 0xff, 0xfe, 0x0, 0x1, 0xff, 0xff,
    0xfc, 0x0, 0x3, 0xff, 0x87, 0xff, 0xff, 0xff,
    0xf0, 0xf, 0xff, 0xff, 0xff, 0xe0, 0x1f, 0xff,
    0xff, 0xff, 0xc0, 0x3f, 0xff, 0xff, 0xff, 0x80,
    0x7, 0xff, 0xff, 0xf8, 0x0, 0xf, 0xff, 0xff,
    0xf0, 0x0, 0x1f, 0xff, 0xff, 0xe0, 0x0, 0x3f,
    0xff, 0xff, 0xc0, 0x0,

    /* U+0039 "9" */
    0x0, 0xff, 0xff, 0xff, 0x0, 0x1, 0xff, 0xff,
    0xfe, 0x0, 0x3, 0xff, 0xff, 0xfc, 0x0, 0x7,
    0xff, 0xff, 0xf8, 0x0, 0xff, 0xff, 0xff, 0xfe,
    0x1, 0xff, 0xff, 0xff, 0xfc, 0x3, 0xff, 0xff,
    0xff, 0xf8, 0x7, 0xff, 0xff, 0xff, 0xf0, 0xff,
    0xf0, 0x0, 0xf, 0xff, 0xff, 0xe0, 0x0, 0x1f,
    0xff, 0xff, 0xc0, 0x0, 0x3f, 0xff, 0xff, 0x80,
    0x0, 0x7f, 0xff, 0xf0, 0x0, 0x0, 0xf, 0xff,
    0xe0, 0x0, 0x0, 0x1f, 0xff, 0xc0, 0x0, 0x0,
    0x3f, 0xff, 0x80, 0x0, 0x0, 0x7f, 0xff, 0x0,
    0x0, 0x0, 0xff, 0xfe, 0x0, 0x0, 0x1, 0xff,
    0xfc, 0x0, 0x0, 0x3, 0xff, 0xf8, 0x0, 0x0,
    0x7, 0xff, 0xf0, 0x0, 0x0, 0xf, 0xff, 0xe0,
    0x0, 0x0, 0x1f, 0xff, 0xc0, 0x0, 0x0, 0x3f,
    0xff, 0x80, 0x0, 0x0, 0x7f, 0xff, 0x0, 0x0,
    0x0, 0xff, 0xfe, 0x0, 0x0, 0x1, 0xff, 0xfc,
    0x0, 0x0, 0x3, 0xff, 0xff, 0x80, 0x0, 0x7f,
    0xff, 0xff, 0x0, 0x0, 0xff, 0xff, 0xfe, 0x0,
    0x1, 0xff, 0xff, 0xfc, 0x0, 0x3, 0xff, 0x87,
    0xf8, 0x0, 0x7, 0xff, 0xf, 0xff, 0xff, 0xff,
    0xfe, 0x1f, 0xff, 0xff, 0xff, 0xfc, 0x3f, 0xff,
    0xff, 0xff, 0xf8, 0x7, 0xff, 0xff, 0xff, 0xf0,
    0xf, 0xff, 0xff, 0xff, 0xe0, 0x1f, 0xff, 0xff,
    0xff, 0xc0, 0x3f, 0xff, 0xff, 0xff, 0x80, 0x7f,
    0xff, 0xff, 0xff, 0x0, 0x0, 0x0, 0x0, 0xfe,
    0x0, 0x0, 0x0, 0x1, 0xfc, 0x0, 0x0, 0x0,
    0x3, 0xf8, 0x0, 0x0, 0x0, 0x7, 0xf0, 0x0,
    0x0, 0x0, 0xf, 0xe0, 0x0, 0x0, 0x0, 0x1f,
    0xc0, 0x0, 0x0, 0x0, 0x3f, 0xff, 0x80, 0x0,
    0x0, 0x7f, 0xff, 0x0, 0x0, 0x0, 0xff, 0xfe,
    0x0, 0x0, 0x1, 0xff, 0xfc, 0x0, 0x0, 0x3,
    0xff, 0xff, 0x80, 0x0, 0x7f, 0xff, 0xff, 0x0,
    0x0, 0xff, 0xff, 0xfe, 0x0, 0x1, 0xff, 0xff,
    0xfc, 0x0, 0x3, 0xff, 0x87, 0xff, 0xff, 0xff,
    0xf0, 0xf, 0xff, 0xff, 0xff, 0xe0, 0x1f, 0xff,
    0xff, 0xff, 0xc0, 0x3f, 0xff, 0xff, 0xff, 0x80,
    0x7, 0xff, 0xff, 0xf8, 0x0, 0xf, 0xff, 0xff,
    0xf0, 0x0, 0x1f, 0xff, 0xff, 0xe0, 0x0, 0x3f,
    0xff, 0xff, 0xc0, 0x0,

    /* U+003A ":" */
    0xff, 0xff, 0xff, 0xff, 0xff, 0xff, 0xff, 0xff,
    0xff, 0xff, 0xff, 0xff, 0xff, 0xff, 0xff, 0xff,
    0xff, 0xff, 0x0, 0x0, 0x0, 0x0, 0x0, 0x0,
    0x0, 0x0, 0x0, 0x0, 0x0, 0x0, 0x0, 0x0,
    0x0, 0x0, 0x0, 0x0, 0x0, 0x0, 0x0, 0x0,
    0xf, 0xff, 0xff, 0xff, 0xff, 0xff, 0xff, 0xff,
    0xff, 0xff, 0xff, 0xff, 0xff, 0xff, 0xff, 0xff,
    0xff, 0xff, 0xf0,

    /* U+003B ";" */
    0xff, 0xff, 0xff, 0xff, 0xff, 0xff, 0xff, 0xff,
    0xff, 0xff, 0xff, 0xff, 0xff, 0xff, 0xff, 0xff,
    0xff, 0xff, 0x0, 0x0, 0x0, 0x0, 0x0, 0x0,
    0x0, 0x0, 0x0, 0x0, 0x0, 0x0, 0x0, 0x0,
    0x0, 0x0, 0x0, 0x0, 0x0, 0x0, 0x0, 0x0,
    0xf, 0xff, 0xff, 0xff, 0xff, 0xff, 0xff, 0xff,
    0xff, 0xff, 0xff, 0xff, 0xff, 0xff, 0xff, 0xff,
    0xff, 0xff, 0xf0, 0xff, 0xf, 0xf0, 0xff, 0xf,
    0xff, 0xff, 0xff, 0xff, 0xff, 0xff, 0xff, 0xf0,
    0xff, 0xf, 0xf0, 0xff, 0x0,

    /* U+003C "<" */
    0x0, 0x0, 0x0, 0x0, 0x1f, 0xe0, 0x0, 0x0,
    0x0, 0x3, 0xfc, 0x0, 0x0, 0x0, 0x0, 0x7f,
    0x80, 0x0, 0x0, 0x0, 0xf, 0xf0, 0x0, 0x0,
    0x0, 0x1f, 0xfe, 0x0, 0x0, 0x0, 0x3, 0xff,
    0xc0, 0x0, 0x0, 0x0, 0x7f, 0xf8, 0x0, 0x0,
    0x0, 0xf, 0xff, 0x0, 0x0, 0x0, 0xf, 0xfe,
    0x0, 0x0, 0x0, 0x1, 0xff, 0xc0, 0x0, 0x0,
    0x0, 0x3f, 0xf8, 0x0, 0x0, 0x0, 0x7, 0xff,
    0x0, 0x0, 0x0, 0xf, 0xfe, 0x0, 0x0, 0x0,
    0x1, 0xff, 0xc0, 0x0, 0x0, 0x0, 0x3f, 0xf8,
    0x0, 0x0, 0x0, 0x7, 0xff, 0x0, 0x0, 0x0,
    0xf, 0xfe, 0x0, 0x0, 0x0, 0x1, 0xff, 0xc0,
    0x0, 0x0, 0x0, 0x3f, 0xf8, 0x0, 0x0, 0x0,
    0x7, 0xff, 0x0, 0x0, 0x0, 0xf, 0xff, 0x0,
    0x0, 0x0, 0x1, 0xff, 0xe0, 0x0, 0x0, 0x0,
    0x3f, 0xfc, 0x0, 0x0, 0x0, 0x7, 0xff, 0x80,
    0x0, 0x0, 0xf, 0xff, 0x0, 0x0, 0x0, 0x1,
    0xff, 0xe0, 0x0, 0x0, 0x0, 0x3f, 0xfc, 0x0,
    0x0, 0x0, 0x7, 0xff, 0x80, 0x0, 0x0, 0xf,
    0xff, 0x0, 0x0, 0x0, 0x1, 0xff, 0xe0, 0x0,
    0x0, 0x0, 0x3f, 0xfc, 0x0, 0x0, 0x0, 0x7,
    0xff, 0x80, 0x0, 0x0, 0xf, 0xff, 0x0, 0x0,
    0x0, 0x1, 0xff, 0xe0, 0x0, 0x0, 0x0, 0x3f,
    0xfc, 0x0, 0x0, 0x0, 0x7, 0xff, 0x80, 0x0,
    0x0, 0xf, 0xff, 0x0, 0x0, 0x0, 0x1, 0xff,
    0xe0, 0x0, 0x0, 0x0, 0x3f, 0xfc, 0x0, 0x0,
    0x0, 0x7, 0xff, 0x80, 0x0, 0x0, 0x0, 0xff,
    0xf0, 0x0, 0x0, 0x0, 0x1f, 0xfe, 0x0, 0x0,
    0x0, 0x3, 0xff, 0xc0, 0x0, 0x0, 0x0, 0x7,
    0xff, 0x80, 0x0, 0x0, 0x0, 0xff, 0xf0, 0x0,
    0x0, 0x0, 0x1f, 0xfe, 0x0, 0x0, 0x0, 0x3,
    0xff, 0xc0, 0x0, 0x0, 0x0, 0x7, 0xff, 0x80,
    0x0, 0x0, 0x0, 0xff, 0xf0, 0x0, 0x0, 0x0,
    0x1f, 0xfe, 0x0, 0x0, 0x0, 0x3, 0xff, 0xc0,
    0x0, 0x0, 0x0, 0x7, 0xff, 0x80, 0x0, 0x0,
    0x0, 0xff, 0xf0, 0x0, 0x0, 0x0, 0x1f, 0xfe,
    0x0, 0x0, 0x0, 0x3, 0xff, 0xc0, 0x0, 0x0,
    0x0, 0x7, 0xff, 0x80, 0x0, 0x0, 0x0, 0xff,
    0xf0, 0x0, 0x0, 0x0, 0x1f, 0xfe, 0x0, 0x0,
    0x0, 0x3, 0xff, 0xc0, 0x0, 0x0, 0x0, 0x7,
    0xff, 0x0, 0x0, 0x0, 0x0, 0xff, 0xe0, 0x0,
    0x0, 0x0, 0x1f, 0xfc, 0x0, 0x0, 0x0, 0x3,
    0xff, 0x80, 0x0, 0x0, 0x0, 0x7, 0xff, 0x0,
    0x0, 0x0, 0x0, 0xff, 0xe0, 0x0, 0x0, 0x0,
    0x1f, 0xfc, 0x0, 0x0, 0x0, 0x3, 0xff, 0x80,
    0x0, 0x0, 0x0, 0x7, 0xff, 0x0, 0x0, 0x0,
    0x0, 0xff, 0xe0, 0x0, 0x0, 0x0, 0x1f, 0xfc,
    0x0, 0x0, 0x0, 0x3, 0xff, 0x80, 0x0, 0x0,
    0x0, 0xf, 0xff, 0x0, 0x0, 0x0, 0x1, 0xff,
    0xe0, 0x0, 0x0, 0x0, 0x3f, 0xfc, 0x0, 0x0,
    0x0, 0x7, 0xff, 0x80, 0x0, 0x0, 0x0, 0xf,
    0xf0, 0x0, 0x0, 0x0, 0x1, 0xfe, 0x0, 0x0,
    0x0, 0x0, 0x3f, 0xc0, 0x0, 0x0, 0x0, 0x7,
    0xf8,

    /* U+003D "=" */
    0xff, 0xff, 0xff, 0xff, 0xff, 0xff, 0xff, 0xff,
    0xff, 0xff, 0xff, 0xff, 0xff, 0xff, 0xff, 0xff,
    0xff, 0xff, 0xff, 0xff, 0xff, 0xff, 0xff, 0xff,
    0xff, 0xff, 0xff, 0xff, 0xff, 0xff, 0xff, 0xff,
    0xff, 0xff, 0xff, 0xff, 0xff, 0xff, 0xff, 0x0,
    0x0, 0x0, 0x0, 0x0, 0x0, 0x0, 0x0, 0x0,
    0x0, 0x0, 0x0, 0x0, 0x0, 0x0, 0x0, 0x0,
    0x0, 0x0, 0x0, 0x0, 0x0, 0x0, 0x0, 0x0,
    0x0, 0x0, 0x0, 0x0, 0x0, 0x0, 0x0, 0x0,
    0x0, 0x0, 0x0, 0x0, 0x0, 0x0, 0x0, 0x0,
    0x0, 0x0, 0x0, 0x0, 0x0, 0x0, 0x0, 0x0,
    0x0, 0x0, 0x0, 0x0, 0x0, 0x0, 0x0, 0x0,
    0x0, 0x0, 0x0, 0x0, 0x0, 0x0, 0x0, 0x0,
    0x0, 0x0, 0x0, 0x0, 0x0, 0x0, 0x0, 0x0,
    0x0, 0x0, 0x0, 0x0, 0x0, 0xff, 0xff, 0xff,
    0xff, 0xff, 0xff, 0xff, 0xff, 0xff, 0xff, 0xff,
    0xff, 0xff, 0xff, 0xff, 0xff, 0xff, 0xff, 0xff,
    0xff, 0xff, 0xff, 0xff, 0xff, 0xff, 0xff, 0xff,
    0xff, 0xff, 0xff, 0xff, 0xff, 0xff, 0xff, 0xff,
    0xff, 0xff, 0xff, 0xff,

    /* U+003E ">" */
    0xff, 0x0, 0x0, 0x0, 0x0, 0x1f, 0xe0, 0x0,
    0x0, 0x0, 0x3, 0xfc, 0x0, 0x0, 0x0, 0x0,
    0x7f, 0x80, 0x0, 0x0, 0x0, 0xf, 0xff, 0x0,
    0x0, 0x0, 0x1, 0xff, 0xe0, 0x0, 0x0, 0x0,
    0x3f, 0xfc, 0x0, 0x0, 0x0, 0x7, 0xff, 0x80,
    0x0, 0x0, 0x0, 0xf, 0xff, 0x0, 0x0, 0x0,
    0x1, 0xff, 0xe0, 0x0, 0x0, 0x0, 0x3f, 0xfc,
    0x0, 0x0, 0x0, 0x7, 0xff, 0x80, 0x0, 0x0,
    0x0, 0xf, 0xff, 0x0, 0x0, 0x0, 0x1, 0xff,
    0xe0, 0x0, 0x0, 0x0, 0x3f, 0xfc, 0x0, 0x0,
    0x0, 0x7, 0xff, 0x80, 0x0, 0x0, 0x0, 0xf,
    0xff, 0x0, 0x0, 0x0, 0x1, 0xff, 0xe0, 0x0,
    0x0, 0x0, 0x3f, 0xfc, 0x0, 0x0, 0x0, 0x7,
    0xff, 0x80, 0x0, 0x0, 0x0, 0xf, 0xff, 0x0,
    0x0, 0x0, 0x1, 0xff, 0xe0, 0x0, 0x0, 0x0,
    0x3f, 0xfc, 0x0, 0x0, 0x0, 0x7, 0xff, 0x80,
    0x0, 0x0, 0x0, 0xf, 0xfe, 0x0, 0x0, 0x0,
    0x1, 0xff, 0xc0, 0x0, 0x0, 0x0, 0x3f, 0xf8,
    0x0, 0x0, 0x0, 0x7, 0xff, 0x0, 0x0, 0x0,
    0x0, 0xf, 0xfe, 0x0, 0x0, 0x0, 0x1, 0xff,
    0xc0, 0x0, 0x0, 0x0, 0x3f, 0xf8, 0x0, 0x0,
    0x0, 0x7, 0xff, 0x0, 0x0, 0x0, 0x0, 0xf,
    0xfe, 0x0, 0x0, 0x0, 0x1, 0xff, 0xc0, 0x0,
    0x0, 0x0, 0x3f, 0xf8, 0x0, 0x0, 0x0, 0x7,
    0xff, 0x0, 0x0, 0x0, 0x0, 0x1f, 0xfe, 0x0,
    0x0, 0x0, 0x3, 0xff, 0xc0, 0x0, 0x0, 0x0,
    0x7f, 0xf8, 0x0, 0x0, 0x0, 0xf, 0xff, 0x0,
    0x0, 0x0, 0x1, 0xff, 0xe0, 0x0, 0x0, 0x0,
    0x3f, 0xfc, 0x0, 0x0, 0x0, 0x7, 0xff, 0x80,
    0x0, 0x0, 0x7, 0xff, 0x0, 0x0, 0x0, 0x0,
    0xff, 0xe0, 0x0, 0x0, 0x0, 0x1f, 0xfc, 0x0,
    0x0, 0x0, 0x3, 0xff, 0x80, 0x0, 0x0, 0x7,
    0xff, 0x0, 0x0, 0x0, 0x0, 0xff, 0xe0, 0x0,
    0x0, 0x0, 0x1f, 0xfc, 0x0, 0x0, 0x0, 0x3,
    0xff, 0x80, 0x0, 0x0, 0x7, 0xff, 0x0, 0x0,
    0x0, 0x0, 0xff, 0xe0, 0x0, 0x0, 0x0, 0x1f,
    0xfc, 0x0, 0x0, 0x0, 0x3, 0xff, 0x80, 0x0,
    0x0, 0x7, 0xff, 0x80, 0x0, 0x0, 0x0, 0xff,
    0xf0, 0x0, 0x0, 0x0, 0x1f, 0xfe, 0x0, 0x0,
    0x0, 0x3, 0xff, 0xc0, 0x0, 0x0, 0x7, 0xff,
    0x80, 0x0, 0x0, 0x0, 0xff, 0xf0, 0x0, 0x0,
    0x0, 0x1f, 0xfe, 0x0, 0x0, 0x0, 0x3, 0xff,
    0xc0, 0x0, 0x0, 0x7, 0xff, 0x80, 0x0, 0x0,
    0x0, 0xff, 0xf0, 0x0, 0x0, 0x0, 0x1f, 0xfe,
    0x0, 0x0, 0x0, 0x3, 0xff, 0xc0, 0x0, 0x0,
    0x7, 0xff, 0x80, 0x0, 0x0, 0x0, 0xff, 0xf0,
    0x0, 0x0, 0x0, 0x1f, 0xfe, 0x0, 0x0, 0x0,
    0x3, 0xff, 0xc0, 0x0, 0x0, 0x7, 0xff, 0x80,
    0x0, 0x0, 0x0, 0xff, 0xf0, 0x0, 0x0, 0x0,
    0x1f, 0xfe, 0x0, 0x0, 0x0, 0x3, 0xff, 0xc0,
    0x0, 0x0, 0x0, 0x7f, 0x80, 0x0, 0x0, 0x0,
    0xf, 0xf0, 0x0, 0x0, 0x0, 0x1, 0xfe, 0x0,
    0x0, 0x0, 0x0, 0x3f, 0xc0, 0x0, 0x0, 0x0,
    0x0,

    /* U+003F "?" */
    0x0, 0xff, 0xff, 0xff, 0x0, 0x1, 0xff, 0xff,
    0xfe, 0x0, 0x3, 0xff, 0xff, 0xfc, 0x0, 0x7,
    0xff, 0xff, 0xf8, 0x0, 0xff, 0xff, 0xff, 0xfe,
    0x1, 0xff, 0xff, 0xff, 0xfc, 0x3, 0xff, 0xff,
    0xff, 0xf8, 0x7, 0xff, 0xff, 0xff, 0xf0, 0xff,
    0xf0, 0x0, 0xf, 0xff, 0xff, 0xe0, 0x0, 0x1f,
    0xff, 0xff, 0xc0, 0x0, 0x3f, 0xff, 0xff, 0x80,
    0x0, 0x7f, 0xff, 0xf0, 0x0, 0x0, 0xf, 0xff,
    0xe0, 0x0, 0x0, 0x1f, 0xff, 0xc0, 0x0, 0x0,
    0x3f, 0xff, 0x80, 0x0, 0x0, 0x7f, 0x0, 0x0,
    0x0, 0x0, 0xfe, 0x0, 0x0, 0x0, 0x1, 0xfc,
    0x0, 0x0, 0x0, 0x3, 0xf8, 0x0, 0x0, 0x0,
    0x7, 0xf0, 0x0, 0x0, 0x0, 0xf, 0xe0, 0x0,
    0x0, 0x0, 0x1f, 0xc0, 0x0, 0x0, 0x0, 0x3f,
    0x80, 0x0, 0x0, 0x0, 0x7f, 0x0, 0x0, 0x0,
    0xf, 0xfe, 0x0, 0x0, 0x0, 0x1f, 0xfc, 0x0,
    0x0, 0x0, 0x3f, 0xf8, 0x0, 0x0, 0x0, 0x7f,
    0x0, 0x0, 0x0, 0xf, 0xfe, 0x0, 0x0, 0x0,
    0x1f, 0xfc, 0x0, 0x0, 0x0, 0x3f, 0xf8, 0x0,
    0x0, 0x7, 0xff, 0x80, 0x0, 0x0, 0xf, 0xff,
    0x0, 0x0, 0x0, 0x1f, 0xfe, 0x0, 0x0, 0x0,
    0x3f, 0xfc, 0x0, 0x0, 0x7, 0xff, 0x80, 0x0,
    0x0, 0xf, 0xff, 0x0, 0x0, 0x0, 0x1f, 0xfe,
    0x0, 0x0, 0x0, 0x3f, 0xfc, 0x0, 0x0, 0x0,
    0x7f, 0xf8, 0x0, 0x0, 0x0, 0xff, 0x0, 0x0,
    0x0, 0x1, 0xfe, 0x0, 0x0, 0x0, 0x3, 0xfc,
    0x0, 0x0, 0x0, 0x7, 0xf8, 0x0, 0x0, 0x0,
    0xf, 0xf0, 0x0, 0x0, 0x0, 0x1f, 0xe0, 0x0,
    0x0, 0x0, 0x3f, 0xc0, 0x0, 0x0, 0x0, 0x0,
    0x0, 0x0, 0x0, 0x0, 0x0, 0x0, 0x0, 0x0,
    0x0, 0x0, 0x0, 0x0, 0x0, 0x0, 0x0, 0x0,
    0x0, 0x0, 0x0, 0x0, 0x0, 0x0, 0x0, 0x0,
    0x0, 0x0, 0x0, 0x0, 0x0, 0x0, 0x0, 0x0,
    0x0, 0x0, 0x0, 0x0, 0x0, 0x0, 0x7f, 0x80,
    0x0, 0x0, 0x0, 0xff, 0x0, 0x0, 0x0, 0x1,
    0xfe, 0x0, 0x0, 0x0, 0x3, 0xfc, 0x0, 0x0,
    0x0, 0x7, 0xf8, 0x0, 0x0, 0x0, 0xf, 0xf0,
    0x0, 0x0, 0x0, 0x1f, 0xe0, 0x0, 0x0, 0x0,
    0x3f, 0xc0, 0x0, 0x0,

    /* U+0040 "@" */
    0x0, 0xff, 0xff, 0xff, 0xfe, 0x0, 0x1, 0xff,
    0xff, 0xff, 0xfc, 0x0, 0x3, 0xff, 0xff, 0xff,
    0xf8, 0x0, 0x7, 0xff, 0xff, 0xff, 0xf0, 0x0,
    0xff, 0xff, 0xff, 0xff, 0xfe, 0x1, 0xff, 0xff,
    0xff, 0xff, 0xfc, 0x3, 0xff, 0xff, 0xff, 0xff,
    0xf8, 0x7, 0xff, 0xff, 0xff, 0xff, 0xf0, 0xff,
    0xf0, 0x0, 0x0, 0x1f, 0xff, 0xff, 0xe0, 0x0,
    0x0, 0x3f, 0xff, 0xff, 0xc0, 0x0, 0x0, 0x7f,
    0xff, 0xff, 0x80, 0x0, 0x0, 0xff, 0xff, 0xf0,
    0x0, 0x0, 0x0, 0x1f, 0xff, 0xe0, 0x0, 0x0,
    0x0, 0x3f, 0xff, 0xc0, 0x0, 0x0, 0x0, 0x7f,
    0xff, 0x80, 0x0, 0x0, 0x0, 0xff, 0xff, 0xf,
    0xff, 0xff, 0x1, 0xff, 0xfe, 0x1f, 0xff, 0xfe,
    0x3, 0xff, 0xfc, 0x3f, 0xff, 0xfc, 0x7, 0xff,
    0xf8, 0x7f, 0xff, 0xf8, 0xf, 0xff, 0xf0, 0xff,
    0xff, 0xfe, 0x1f, 0xff, 0xe1, 0xff, 0xff, 0xfc,
    0x3f, 0xff, 0xc3, 0xff, 0xff, 0xf8, 0x7f, 0xff,
    0x87, 0xff, 0xff, 0xf0, 0xff, 0xff, 0x0, 0x0,
    0x1f, 0xe1, 0xff, 0xfe, 0x0, 0x0, 0x3f, 0xc3,
    0xff, 0xfc, 0x0, 0x0, 0x7f, 0x87, 0xff, 0xf8,
    0x0, 0x0, 0xff, 0xf, 0xff, 0xf0, 0x1f, 0xff,
    0xfe, 0x1f, 0xff, 0xe0, 0x3f, 0xff, 0xfc, 0x3f,
    0xff, 0xc0, 0x7f, 0xff, 0xf8, 0x7f, 0xff, 0x80,
    0xff, 0xff, 0xf0, 0xff, 0xff, 0xf, 0xff, 0xff,
    0xe1, 0xff, 0xfe, 0x1f, 0xff, 0xff, 0xc3, 0xff,
    0xfc, 0x3f, 0xff, 0xff, 0x87, 0xff, 0xf8, 0x7f,
    0xff, 0xff, 0xf, 0xff, 0xf0, 0xff, 0x1, 0xff,
    0xff, 0xff, 0xe1, 0xfe, 0x3, 0xff, 0xff, 0xff,
    0xc3, 0xfc, 0x7, 0xff, 0xff, 0xff, 0x87, 0xff,
    0xff, 0xff, 0xf0, 0xff, 0xf, 0xff, 0xff, 0xff,
    0xe1, 0xfe, 0x1f, 0xff, 0xff, 0xff, 0xc3, 0xfc,
    0x3f, 0xff, 0xff, 0xff, 0x87, 0xf8, 0x7f, 0xff,
    0xff, 0xff, 0xf, 0xf0, 0x1f, 0xff, 0xff, 0xe0,
    0x1f, 0xe0, 0x3f, 0xff, 0xff, 0xc0, 0x3f, 0xc0,
    0x7f, 0xff, 0xff, 0x80, 0x7f, 0x80, 0x0, 0x0,
    0x0, 0xff, 0xff, 0x0, 0x0, 0x0, 0x1, 0xff,
    0xfe, 0x0, 0x0, 0x0, 0x3, 0xff, 0xfc, 0x0,
    0x0, 0x0, 0x7, 0xff, 0xff, 0x80, 0x0, 0x0,
    0xff, 0xff, 0xff, 0x0, 0x0, 0x1, 0xff, 0xff,
    0xfe, 0x0, 0x0, 0x3, 0xff, 0xff, 0xfc, 0x0,
    0x0, 0x7, 0xff, 0x87, 0xff, 0xff, 0xff, 0xff,
    0xf0, 0xf, 0xff, 0xff, 0xff, 0xff, 0xe0, 0x1f,
    0xff, 0xff, 0xff, 0xff, 0xc0, 0x3f, 0xff, 0xff,
    0xff, 0xff, 0x80, 0x7, 0xff, 0xff, 0xff, 0xf0,
    0x0, 0xf, 0xff, 0xff, 0xff, 0xe0, 0x0, 0x1f,
    0xff, 0xff, 0xff, 0xc0, 0x0, 0x3f, 0xff, 0xff,
    0xff, 0x80, 0x0,

    /* U+0041 "A" */
    0x0, 0x0, 0xff, 0x0, 0x0, 0x0, 0x1, 0xfe,
    0x0, 0x0, 0x0, 0x3, 0xfc, 0x0, 0x0, 0x0,
    0x7, 0xf8, 0x0, 0x0, 0x0, 0xff, 0xff, 0x0,
    0x0, 0x1, 0xff, 0xfe, 0x0, 0x0, 0x3, 0xff,
    0xfc, 0x0, 0x0, 0x7, 0xff, 0xf8, 0x0, 0x0,
    0xff, 0xff, 0xff, 0x0, 0x1, 0xff, 0xff, 0xfe,
    0x0, 0x3, 0xff, 0xff, 0xfc, 0x0, 0x7, 0xff,
    0xff, 0xf8, 0x0, 0xff, 0xf0, 0xf, 0xfe, 0x1,
    0xff, 0xe0, 0x1f, 0xfc, 0x3, 0xff, 0xc0, 0x3f,
    0xf8, 0x7, 0xff, 0x80, 0x7f, 0xf0, 0xff, 0xf0,
    0x0, 0xf, 0xff, 0xff, 0xe0, 0x0, 0x1f, 0xff,
    0xff, 0xc0, 0x0, 0x3f, 0xff, 0xff, 0x80, 0x0,
    0x7f, 0xff, 0xf0, 0x0, 0x0, 0xf, 0xff, 0xe0,
    0x0, 0x0, 0x1f, 0xff, 0xc0, 0x0, 0x0, 0x3f,
    0xff, 0x80, 0x0, 0x0, 0x7f, 0xff, 0x0, 0x0,
    0x0, 0xff, 0xfe, 0x0, 0x0, 0x1, 0xff, 0xfc,
    0x0, 0x0, 0x3, 0xff, 0xf8, 0x0, 0x0, 0x7,
    0xff, 0xf0, 0x0, 0x0, 0xf, 0xff, 0xe0, 0x0,
    0x0, 0x1f, 0xff, 0xc0, 0x0, 0x0, 0x3f, 0xff,
    0x80, 0x0, 0x0, 0x7f, 0xff, 0x0, 0x0, 0x0,
    0xff, 0xfe, 0x0, 0x0, 0x1, 0xff, 0xfc, 0x0,
    0x0, 0x3, 0xff, 0xf8, 0x0, 0x0, 0x7, 0xff,
    0xff, 0xff, 0xff, 0xff, 0xff, 0xff, 0xff, 0xff,
    0xff, 0xff, 0xff, 0xff, 0xff, 0xff, 0xff, 0xff,
    0xff, 0xff, 0xff, 0xff, 0xff, 0xff, 0xff, 0xff,
    0xff, 0xff, 0xff, 0xff, 0xff, 0xff, 0xff, 0xff,
    0xff, 0xff, 0xff, 0xff, 0xff, 0xff, 0xff, 0xf0,
    0x0, 0x0, 0xf, 0xff, 0xe0, 0x0, 0x0, 0x1f,
    0xff, 0xc0, 0x0, 0x0, 0x3f, 0xff, 0x80, 0x0,
    0x0, 0x7f, 0xff, 0x0, 0x0, 0x0, 0xff, 0xfe,
    0x0, 0x0, 0x1, 0xff, 0xfc, 0x0, 0x0, 0x3,
    0xff, 0xf8, 0x0, 0x0, 0x7, 0xff, 0xf0, 0x0,
    0x0, 0xf, 0xff, 0xe0, 0x0, 0x0, 0x1f, 0xff,
    0xc0, 0x0, 0x0, 0x3f, 0xff, 0x80, 0x0, 0x0,
    0x7f, 0xff, 0x0, 0x0, 0x0, 0xff, 0xfe, 0x0,
    0x0, 0x1, 0xff, 0xfc, 0x0, 0x0, 0x3, 0xff,
    0xf8, 0x0, 0x0, 0x7, 0xff, 0xf0, 0x0, 0x0,
    0xf, 0xff, 0xe0, 0x0, 0x0, 0x1f, 0xff, 0xc0,
    0x0, 0x0, 0x3f, 0x80,

    /* U+0042 "B" */
    0xff, 0xff, 0xff, 0xfe, 0x1, 0xff, 0xff, 0xff,
    0xfc, 0x3, 0xff, 0xff, 0xff, 0xf8, 0x7, 0xff,
    0xff, 0xff, 0xf0, 0xf, 0xff, 0xff, 0xff, 0xfe,
    0x1f, 0xff, 0xff, 0xff, 0xfc, 0x3f, 0xff, 0xff,
    0xff, 0xf8, 0x7f, 0xff, 0xff, 0xff, 0xf0, 0xff,
    0x0, 0x0, 0x1f, 0xff, 0xfe, 0x0, 0x0, 0x3f,
    0xff, 0xfc, 0x0, 0x0, 0x7f, 0xff, 0xf8, 0x0,
    0x0, 0xff, 0xff, 0xf0, 0x0, 0x0, 0x1f, 0xff,
    0xe0, 0x0, 0x0, 0x3f, 0xff, 0xc0, 0x0, 0x0,
    0x7f, 0xff, 0x80, 0x0, 0x0, 0xff, 0xff, 0x0,
    0x0, 0x1, 0xff, 0xfe, 0x0, 0x0, 0x3, 0xff,
    0xfc, 0x0, 0x0, 0x7, 0xff, 0xf8, 0x0, 0x0,
    0xf, 0xff, 0xf0, 0x0, 0x0, 0x1f, 0xff, 0xe0,
    0x0, 0x0, 0x3f, 0xff, 0xc0, 0x0, 0x0, 0x7f,
    0xff, 0x80, 0x0, 0x0, 0xff, 0xff, 0x0, 0x0,
    0x1f, 0xff, 0xfe, 0x0, 0x0, 0x3f, 0xff, 0xfc,
    0x0, 0x0, 0x7f, 0xff, 0xf8, 0x0, 0x0, 0xff,
    0xf, 0xff, 0xff, 0xff, 0xfe, 0x1f, 0xff, 0xff,
    0xff, 0xfc, 0x3f, 0xff, 0xff, 0xff, 0xf8, 0x7f,
    0xff, 0xff, 0xff, 0xf0, 0xff, 0xff, 0xff, 0xff,
    0xe1, 0xff, 0xff, 0xff, 0xff, 0xc3, 0xff, 0xff,
    0xff, 0xff, 0x87, 0xff, 0xff, 0xff, 0xff, 0xf,
    0xf0, 0x0, 0x1, 0xff, 0xff, 0xe0, 0x0, 0x3,
    0xff, 0xff, 0xc0, 0x0, 0x7, 0xff, 0xff, 0x80,
    0x0, 0x0, 0xff, 0xff, 0x0, 0x0, 0x1, 0xff,
    0xfe, 0x0, 0x0, 0x3, 0xff, 0xfc, 0x0, 0x0,
    0x7, 0xff, 0xf8, 0x0, 0x0, 0xf, 0xff, 0xf0,
    0x0, 0x0, 0x1f, 0xff, 0xe0, 0x0, 0x0, 0x3f,
    0xff, 0xc0, 0x0, 0x0, 0x7f, 0xff, 0x80, 0x0,
    0x0, 0xff, 0xff, 0x0, 0x0, 0x1, 0xff, 0xfe,
    0x0, 0x0, 0x3, 0xff, 0xfc, 0x0, 0x0, 0x7,
    0xff, 0xf8, 0x0, 0x0, 0xff, 0xff, 0xf0, 0x0,
    0x1, 0xff, 0xff, 0xe0, 0x0, 0x3, 0xff, 0xff,
    0xc0, 0x0, 0x7, 0xff, 0xff, 0xff, 0xff, 0xff,
    0xf0, 0xff, 0xff, 0xff, 0xff, 0xe1, 0xff, 0xff,
    0xff, 0xff, 0xc3, 0xff, 0xff, 0xff, 0xff, 0x87,
    0xff, 0xff, 0xff, 0xf0, 0xf, 0xff, 0xff, 0xff,
    0xe0, 0x1f, 0xff, 0xff, 0xff, 0xc0, 0x3f, 0xff,
    0xff, 0xff, 0x80, 0x0,

    /* U+0043 "C" */
    0x0, 0xff, 0xff, 0xff, 0x0, 0x1, 0xff, 0xff,
    0xfe, 0x0, 0x3, 0xff, 0xff, 0xfc, 0x0, 0x7,
    0xff, 0xff, 0xf8, 0x0, 0xff, 0xff, 0xff, 0xfe,
    0x1, 0xff, 0xff, 0xff, 0xfc, 0x3, 0xff, 0xff,
    0xff, 0xf8, 0x7, 0xff, 0xff, 0xff, 0xf0, 0xff,
    0xf0, 0x0, 0xf, 0xff, 0xff, 0xe0, 0x0, 0x1f,
    0xff, 0xff, 0xc0, 0x0, 0x3f, 0xff, 0xff, 0x80,
    0x0, 0x7f, 0xff, 0xf0, 0x0, 0x0, 0xf, 0xff,
    0xe0, 0x0, 0x0, 0x1f, 0xff, 0xc0, 0x0, 0x0,
    0x3f, 0xff, 0x80, 0x0, 0x0, 0x7f, 0xff, 0x0,
    0x0, 0x0, 0xff, 0xfe, 0x0, 0x0, 0x1, 0xff,
    0xfc, 0x0, 0x0, 0x3, 0xff, 0xf8, 0x0, 0x0,
    0x7, 0xff, 0xf0, 0x0, 0x0, 0x0, 0x1f, 0xe0,
    0x0, 0x0, 0x0, 0x3f, 0xc0, 0x0, 0x0, 0x0,
    0x7f, 0x80, 0x0, 0x0, 0x0, 0xff, 0x0, 0x0,
    0x0, 0x1, 0xfe, 0x0, 0x0, 0x0, 0x3, 0xfc,
    0x0, 0x0, 0x0, 0x7, 0xf8, 0x0, 0x0, 0x0,
    0xf, 0xf0, 0x0, 0x0, 0x0, 0x1f, 0xe0, 0x0,
    0x0, 0x0, 0x3f, 0xc0, 0x0, 0x0, 0x0, 0x7f,
    0x80, 0x0, 0x0, 0x0, 0xff, 0x0, 0x0, 0x0,
    0x1, 0xfe, 0x0, 0x0, 0x0, 0x3, 0xfc, 0x0,
    0x0, 0x0, 0x7, 0xf8, 0x0, 0x0, 0x0, 0xf,
    0xf0, 0x0, 0x0, 0x0, 0x1f, 0xe0, 0x0, 0x0,
    0x0, 0x3f, 0xc0, 0x0, 0x0, 0x0, 0x7f, 0x80,
    0x0, 0x0, 0x0, 0xff, 0x0, 0x0, 0x0, 0x1,
    0xfe, 0x0, 0x0, 0x0, 0x3, 0xfc, 0x0, 0x0,
    0x0, 0x7, 0xf8, 0x0, 0x0, 0x7, 0xff, 0xf0,
    0x0, 0x0, 0xf, 0xff, 0xe0, 0x0, 0x0, 0x1f,
    0xff, 0xc0, 0x0, 0x0, 0x3f, 0xff, 0x80, 0x0,
    0x0, 0x7f, 0xff, 0x0, 0x0, 0x0, 0xff, 0xfe,
    0x0, 0x0, 0x1, 0xff, 0xfc, 0x0, 0x0, 0x3,
    0xff, 0xff, 0x80, 0x0, 0x7f, 0xff, 0xff, 0x0,
    0x0, 0xff, 0xff, 0xfe, 0x0, 0x1, 0xff, 0xff,
    0xfc, 0x0, 0x3, 0xff, 0x87, 0xff, 0xff, 0xff,
    0xf0, 0xf, 0xff, 0xff, 0xff, 0xe0, 0x1f, 0xff,
    0xff, 0xff, 0xc0, 0x3f, 0xff, 0xff, 0xff, 0x80,
    0x7, 0xff, 0xff, 0xf8, 0x0, 0xf, 0xff, 0xff,
    0xf0, 0x0, 0x1f, 0xff, 0xff, 0xe0, 0x0, 0x3f,
    0xff, 0xff, 0xc0, 0x0,

    /* U+0044 "D" */
    0xff, 0xff, 0xff, 0xe0, 0x1, 0xff, 0xff, 0xff,
    0xc0, 0x3, 0xff, 0xff, 0xff, 0x80, 0x7, 0xff,
    0xff, 0xff, 0x0, 0xf, 0xff, 0xff, 0xff, 0xe0,
    0x1f, 0xff, 0xff, 0xff, 0xc0, 0x3f, 0xff, 0xff,
    0xff, 0x80, 0x7f, 0xff, 0xff, 0xff, 0x0, 0xff,
    0x0, 0x1, 0xff, 0xe1, 0xfe, 0x0, 0x3, 0xff,
    0xc3, 0xfc, 0x0, 0x7, 0xff, 0x87, 0xf8, 0x0,
    0xf, 0xff, 0xf, 0xf0, 0x0, 0x1, 0xff, 0xff,
    0xe0, 0x0, 0x3, 0xff, 0xff, 0xc0, 0x0, 0x7,
    0xff, 0xff, 0x80, 0x0, 0xf, 0xff, 0xff, 0x0,
    0x0, 0x1, 0xff, 0xfe, 0x0, 0x0, 0x3, 0xff,
    0xfc, 0x0, 0x0, 0x7, 0xff, 0xf8, 0x0, 0x0,
    0xf, 0xff, 0xf0, 0x0, 0x0, 0x1f, 0xff, 0xe0,
    0x0, 0x0, 0x3f, 0xff, 0xc0, 0x0, 0x0, 0x7f,
    0xff, 0x80, 0x0, 0x0, 0xff, 0xff, 0x0, 0x0,
    0x1, 0xff, 0xfe, 0x0, 0x0, 0x3, 0xff, 0xfc,
    0x0, 0x0, 0x7, 0xff, 0xf8, 0x0, 0x0, 0xf,
    0xff, 0xf0, 0x0, 0x0, 0x1f, 0xff, 0xe0, 0x0,
    0x0, 0x3f, 0xff, 0xc0, 0x0, 0x0, 0x7f, 0xff,
    0x80, 0x0, 0x0, 0xff, 0xff, 0x0, 0x0, 0x1,
    0xff, 0xfe, 0x0, 0x0, 0x3, 0xff, 0xfc, 0x0,
    0x0, 0x7, 0xff, 0xf8, 0x0, 0x0, 0xf, 0xff,
    0xf0, 0x0, 0x0, 0x1f, 0xff, 0xe0, 0x0, 0x0,
    0x3f, 0xff, 0xc0, 0x0, 0x0, 0x7f, 0xff, 0x80,
    0x0, 0x0, 0xff, 0xff, 0x0, 0x0, 0x1, 0xff,
    0xfe, 0x0, 0x0, 0x3, 0xff, 0xfc, 0x0, 0x0,
    0x7, 0xff, 0xf8, 0x0, 0x0, 0xf, 0xff, 0xf0,
    0x0, 0x0, 0x1f, 0xff, 0xe0, 0x0, 0x0, 0x3f,
    0xff, 0xc0, 0x0, 0x0, 0x7f, 0xff, 0x80, 0x0,
    0xf, 0xff, 0xff, 0x0, 0x0, 0x1f, 0xff, 0xfe,
    0x0, 0x0, 0x3f, 0xff, 0xfc, 0x0, 0x0, 0x7f,
    0xff, 0xf8, 0x0, 0xf, 0xff, 0xf, 0xf0, 0x0,
    0x1f, 0xfe, 0x1f, 0xe0, 0x0, 0x3f, 0xfc, 0x3f,
    0xc0, 0x0, 0x7f, 0xf8, 0x7f, 0xff, 0xff, 0xff,
    0x0, 0xff, 0xff, 0xff, 0xfe, 0x1, 0xff, 0xff,
    0xff, 0xfc, 0x3, 0xff, 0xff, 0xff, 0xf8, 0x7,
    0xff, 0xff, 0xff, 0x0, 0xf, 0xff, 0xff, 0xfe,
    0x0, 0x1f, 0xff, 0xff, 0xfc, 0x0, 0x3f, 0xff,
    0xff, 0xf8, 0x0, 0x0,

    /* U+0045 "E" */
    0xff, 0xff, 0xff, 0xff, 0xff, 0xff, 0xff, 0xff,
    0xff, 0xff, 0xff, 0xff, 0xff, 0xff, 0xff, 0xff,
    0xff, 0xff, 0xff, 0xff, 0xff, 0xff, 0xff, 0xff,
    0xff, 0xff, 0xff, 0xff, 0xff, 0xff, 0xff, 0xff,
    0xff, 0xff, 0xff, 0xff, 0xff, 0xff, 0xff, 0xff,
    0x0, 0x0, 0x0, 0x1, 0xfe, 0x0, 0x0, 0x0,
    0x3, 0xfc, 0x0, 0x0, 0x0, 0x7, 0xf8, 0x0,
    0x0, 0x0, 0xf, 0xf0, 0x0, 0x0, 0x0, 0x1f,
    0xe0, 0x0, 0x0, 0x0, 0x3f, 0xc0, 0x0, 0x0,
    0x0, 0x7f, 0x80, 0x0, 0x0, 0x0, 0xff, 0x0,
    0x0, 0x0, 0x1, 0xfe, 0x0, 0x0, 0x0, 0x3,
    0xfc, 0x0, 0x0, 0x0, 0x7, 0xf8, 0x0, 0x0,
    0x0, 0xf, 0xf0, 0x0, 0x0, 0x0, 0x1f, 0xe0,
    0x0, 0x0, 0x0, 0x3f, 0xc0, 0x0, 0x0, 0x0,
    0x7f, 0x80, 0x0, 0x0, 0x0, 0xff, 0x0, 0x0,
    0x0, 0x1, 0xfe, 0x0, 0x0, 0x0, 0x3, 0xfc,
    0x0, 0x0, 0x0, 0x7, 0xf8, 0x0, 0x0, 0x0,
    0xf, 0xff, 0xff, 0xff, 0xf0, 0x1f, 0xff, 0xff,
    0xff, 0xe0, 0x3f, 0xff, 0xff, 0xff, 0xc0, 0x7f,
    0xff, 0xff, 0xff, 0x80, 0xff, 0xff, 0xff, 0xff,
    0x1, 0xff, 0xff, 0xff, 0xfe, 0x3, 0xff, 0xff,
    0xff, 0xfc, 0x7, 0xff, 0xff, 0xff, 0xf8, 0xf,
    0xf0, 0x0, 0x0, 0x0, 0x1f, 0xe0, 0x0, 0x0,
    0x0, 0x3f, 0xc0, 0x0, 0x0, 0x0, 0x7f, 0x80,
    0x0, 0x0, 0x0, 0xff, 0x0, 0x0, 0x0, 0x1,
    0xfe, 0x0, 0x0, 0x0, 0x3, 0xfc, 0x0, 0x0,
    0x0, 0x7, 0xf8, 0x0, 0x0, 0x0, 0xf, 0xf0,
    0x0, 0x0, 0x0, 0x1f, 0xe0, 0x0, 0x0, 0x0,
    0x3f, 0xc0, 0x0, 0x0, 0x0, 0x7f, 0x80, 0x0,
    0x0, 0x0, 0xff, 0x0, 0x0, 0x0, 0x1, 0xfe,
    0x0, 0x0, 0x0, 0x3, 0xfc, 0x0, 0x0, 0x0,
    0x7, 0xf8, 0x0, 0x0, 0x0, 0xf, 0xf0, 0x0,
    0x0, 0x0, 0x1f, 0xe0, 0x0, 0x0, 0x0, 0x3f,
    0xc0, 0x0, 0x0, 0x0, 0x7f, 0xff, 0xff, 0xff,
    0xff, 0xff, 0xff, 0xff, 0xff, 0xff, 0xff, 0xff,
    0xff, 0xff, 0xff, 0xff, 0xff, 0xff, 0xff, 0xff,
    0xff, 0xff, 0xff, 0xff, 0xff, 0xff, 0xff, 0xff,
    0xff, 0xff, 0xff, 0xff, 0xff, 0xff, 0xff, 0xff,
    0xff, 0xff, 0xff, 0x80,

    /* U+0046 "F" */
    0xff, 0xff, 0xff, 0xff, 0xff, 0xff, 0xff, 0xff,
    0xff, 0xff, 0xff, 0xff, 0xff, 0xff, 0xff, 0xff,
    0xff, 0xff, 0xff, 0xff, 0xff, 0xff, 0xff, 0xff,
    0xff, 0xff, 0xff, 0xff, 0xff, 0xff, 0xff, 0xff,
    0xff, 0xff, 0xff, 0xff, 0xff, 0xff, 0xff, 0xff,
    0x0, 0x0, 0x0, 0x1, 0xfe, 0x0, 0x0, 0x0,
    0x3, 0xfc, 0x0, 0x0, 0x0, 0x7, 0xf8, 0x0,
    0x0, 0x0, 0xf, 0xf0, 0x0, 0x0, 0x0, 0x1f,
    0xe0, 0x0, 0x0, 0x0, 0x3f, 0xc0, 0x0, 0x0,
    0x0, 0x7f, 0x80, 0x0, 0x0, 0x0, 0xff, 0x0,
    0x0, 0x0, 0x1, 0xfe, 0x0, 0x0, 0x0, 0x3,
    0xfc, 0x0, 0x0, 0x0, 0x7, 0xf8, 0x0, 0x0,
    0x0, 0xf, 0xf0, 0x0, 0x0, 0x0, 0x1f, 0xe0,
    0x0, 0x0, 0x0, 0x3f, 0xc0, 0x0, 0x0, 0x0,
    0x7f, 0x80, 0x0, 0x0, 0x0, 0xff, 0x0, 0x0,
    0x0, 0x1, 0xfe, 0x0, 0x0, 0x0, 0x3, 0xfc,
    0x0, 0x0, 0x0, 0x7, 0xf8, 0x0, 0x0, 0x0,
    0xf, 0xff, 0xff, 0xff, 0xf0, 0x1f, 0xff, 0xff,
    0xff, 0xe0, 0x3f, 0xff, 0xff, 0xff, 0xc0, 0x7f,
    0xff, 0xff, 0xff, 0x80, 0xff, 0xff, 0xff, 0xff,
    0x1, 0xff, 0xff, 0xff, 0xfe, 0x3, 0xff, 0xff,
    0xff, 0xfc, 0x7, 0xff, 0xff, 0xff, 0xf8, 0xf,
    0xf0, 0x0, 0x0, 0x0, 0x1f, 0xe0, 0x0, 0x0,
    0x0, 0x3f, 0xc0, 0x0, 0x0, 0x0, 0x7f, 0x80,
    0x0, 0x0, 0x0, 0xff, 0x0, 0x0, 0x0, 0x1,
    0xfe, 0x0, 0x0, 0x0, 0x3, 0xfc, 0x0, 0x0,
    0x0, 0x7, 0xf8, 0x0, 0x0, 0x0, 0xf, 0xf0,
    0x0, 0x0, 0x0, 0x1f, 0xe0, 0x0, 0x0, 0x0,
    0x3f, 0xc0, 0x0, 0x0, 0x0, 0x7f, 0x80, 0x0,
    0x0, 0x0, 0xff, 0x0, 0x0, 0x0, 0x1, 0xfe,
    0x0, 0x0, 0x0, 0x3, 0xfc, 0x0, 0x0, 0x0,
    0x7, 0xf8, 0x0, 0x0, 0x0, 0xf, 0xf0, 0x0,
    0x0, 0x0, 0x1f, 0xe0, 0x0, 0x0, 0x0, 0x3f,
    0xc0, 0x0, 0x0, 0x0, 0x7f, 0x80, 0x0, 0x0,
    0x0, 0xff, 0x0, 0x0, 0x0, 0x1, 0xfe, 0x0,
    0x0, 0x0, 0x3, 0xfc, 0x0, 0x0, 0x0, 0x7,
    0xf8, 0x0, 0x0, 0x0, 0xf, 0xf0, 0x0, 0x0,
    0x0, 0x1f, 0xe0, 0x0, 0x0, 0x0, 0x3f, 0xc0,
    0x0, 0x0, 0x0, 0x0,

    /* U+0047 "G" */
    0x0, 0xff, 0xff, 0xff, 0xfe, 0x1, 0xff, 0xff,
    0xff, 0xfc, 0x3, 0xff, 0xff, 0xff, 0xf8, 0x7,
    0xff, 0xff, 0xff, 0xf0, 0xff, 0xff, 0xff, 0xff,
    0xe1, 0xff, 0xff, 0xff, 0xff, 0xc3, 0xff, 0xff,
    0xff, 0xff, 0x87, 0xff, 0xff, 0xff, 0xff, 0xff,
    0xf0, 0x0, 0x0, 0x1, 0xff, 0xe0, 0x0, 0x0,
    0x3, 0xff, 0xc0, 0x0, 0x0, 0x7, 0xff, 0x80,
    0x0, 0x0, 0xf, 0xf0, 0x0, 0x0, 0x0, 0x1f,
    0xe0, 0x0, 0x0, 0x0, 0x3f, 0xc0, 0x0, 0x0,
    0x0, 0x7f, 0x80, 0x0, 0x0, 0x0, 0xff, 0x0,
    0x0, 0x0, 0x1, 0xfe, 0x0, 0x0, 0x0, 0x3,
    0xfc, 0x0, 0x0, 0x0, 0x7, 0xf8, 0x0, 0x0,
    0x0, 0xf, 0xf0, 0x0, 0x0, 0x0, 0x1f, 0xe0,
    0x0, 0x0, 0x0, 0x3f, 0xc0, 0x0, 0x0, 0x0,
    0x7f, 0x80, 0x0, 0x0, 0x0, 0xff, 0x0, 0x0,
    0x0, 0x1, 0xfe, 0x0, 0x0, 0x0, 0x3, 0xfc,
    0x0, 0x0, 0x0, 0x7, 0xf8, 0x0, 0x0, 0x0,
    0xf, 0xf0, 0x1, 0xff, 0xff, 0xff, 0xe0, 0x3,
    0xff, 0xff, 0xff, 0xc0, 0x7, 0xff, 0xff, 0xff,
    0x80, 0xf, 0xff, 0xff, 0xff, 0x0, 0x1f, 0xff,
    0xff, 0xfe, 0x0, 0x3f, 0xff, 0xff, 0xfc, 0x0,
    0x7f, 0xff, 0xff, 0xf8, 0x0, 0xff, 0xff, 0xff,
    0xf0, 0x0, 0x0, 0x1f, 0xff, 0xe0, 0x0, 0x0,
    0x3f, 0xff, 0xc0, 0x0, 0x0, 0x7f, 0xff, 0x80,
    0x0, 0x0, 0xff, 0xff, 0x0, 0x0, 0x1, 0xff,
    0xfe, 0x0, 0x0, 0x3, 0xff, 0xfc, 0x0, 0x0,
    0x7, 0xff, 0xf8, 0x0, 0x0, 0xf, 0xff, 0xf0,
    0x0, 0x0, 0x1f, 0xff, 0xe0, 0x0, 0x0, 0x3f,
    0xff, 0xc0, 0x0, 0x0, 0x7f, 0xff, 0x80, 0x0,
    0x0, 0xff, 0xff, 0x0, 0x0, 0x1, 0xff, 0xfe,
    0x0, 0x0, 0x3, 0xff, 0xfc, 0x0, 0x0, 0x7,
    0xff, 0xff, 0x80, 0x0, 0xf, 0xff, 0xff, 0x0,
    0x0, 0x1f, 0xff, 0xfe, 0x0, 0x0, 0x3f, 0xff,
    0xfc, 0x0, 0x0, 0x7f, 0x87, 0xff, 0xff, 0xff,
    0xff, 0xf, 0xff, 0xff, 0xff, 0xfe, 0x1f, 0xff,
    0xff, 0xff, 0xfc, 0x3f, 0xff, 0xff, 0xff, 0xf8,
    0x7, 0xff, 0xff, 0xff, 0xf0, 0xf, 0xff, 0xff,
    0xff, 0xe0, 0x1f, 0xff, 0xff, 0xff, 0xc0, 0x3f,
    0xff, 0xff, 0xff, 0x80,

    /* U+0048 "H" */
    0xff, 0x0, 0x0, 0x1, 0xff, 0xfe, 0x0, 0x0,
    0x3, 0xff, 0xfc, 0x0, 0x0, 0x7, 0xff, 0xf8,
    0x0, 0x0, 0xf, 0xff, 0xf0, 0x0, 0x0, 0x1f,
    0xff, 0xe0, 0x0, 0x0, 0x3f, 0xff, 0xc0, 0x0,
    0x0, 0x7f, 0xff, 0x80, 0x0, 0x0, 0xff, 0xff,
    0x0, 0x0, 0x1, 0xff, 0xfe, 0x0, 0x0, 0x3,
    0xff, 0xfc, 0x0, 0x0, 0x7, 0xff, 0xf8, 0x0,
    0x0, 0xf, 0xff, 0xf0, 0x0, 0x0, 0x1f, 0xff,
    0xe0, 0x0, 0x0, 0x3f, 0xff, 0xc0, 0x0, 0x0,
    0x7f, 0xff, 0x80, 0x0, 0x0, 0xff, 0xff, 0x0,
    0x0, 0x1, 0xff, 0xfe, 0x0, 0x0, 0x3, 0xff,
    0xfc, 0x0, 0x0, 0x7, 0xff, 0xf8, 0x0, 0x0,
    0xf, 0xff, 0xf0, 0x0, 0x0, 0x1f, 0xff, 0xe0,
    0x0, 0x0, 0x3f, 0xff, 0xc0, 0x0, 0x0, 0x7f,
    0xff, 0x80, 0x0, 0x0, 0xff, 0xff, 0x0, 0x0,
    0x1, 0xff, 0xfe, 0x0, 0x0, 0x3, 0xff, 0xfc,
    0x0, 0x0, 0x7, 0xff, 0xf8, 0x0, 0x0, 0xf,
    0xff, 0xff, 0xff, 0xff, 0xff, 0xff, 0xff, 0xff,
    0xff, 0xff, 0xff, 0xff, 0xff, 0xff, 0xff, 0xff,
    0xff, 0xff, 0xff, 0xff, 0xff, 0xff, 0xff, 0xff,
    0xff, 0xff, 0xff, 0xff, 0xff, 0xff, 0xff, 0xff,
    0xff, 0xff, 0xff, 0xff, 0xff, 0xff, 0xff, 0xff,
    0xf0, 0x0, 0x0, 0x1f, 0xff, 0xe0, 0x0, 0x0,
    0x3f, 0xff, 0xc0, 0x0, 0x0, 0x7f, 0xff, 0x80,
    0x0, 0x0, 0xff, 0xff, 0x0, 0x0, 0x1, 0xff,
    0xfe, 0x0, 0x0, 0x3, 0xff, 0xfc, 0x0, 0x0,
    0x7, 0xff, 0xf8, 0x0, 0x0, 0xf, 0xff, 0xf0,
    0x0, 0x0, 0x1f, 0xff, 0xe0, 0x0, 0x0, 0x3f,
    0xff, 0xc0, 0x0, 0x0, 0x7f, 0xff, 0x80, 0x0,
    0x0, 0xff, 0xff, 0x0, 0x0, 0x1, 0xff, 0xfe,
    0x0, 0x0, 0x3, 0xff, 0xfc, 0x0, 0x0, 0x7,
    0xff, 0xf8, 0x0, 0x0, 0xf, 0xff, 0xf0, 0x0,
    0x0, 0x1f, 0xff, 0xe0, 0x0, 0x0, 0x3f, 0xff,
    0xc0, 0x0, 0x0, 0x7f, 0xff, 0x80, 0x0, 0x0,
    0xff, 0xff, 0x0, 0x0, 0x1, 0xff, 0xfe, 0x0,
    0x0, 0x3, 0xff, 0xfc, 0x0, 0x0, 0x7, 0xff,
    0xf8, 0x0, 0x0, 0xf, 0xff, 0xf0, 0x0, 0x0,
    0x1f, 0xff, 0xe0, 0x0, 0x0, 0x3f, 0xff, 0xc0,
    0x0, 0x0, 0x7f, 0x80,

    /* U+0049 "I" */
    0xff, 0xff, 0xff, 0xff, 0xff, 0xff, 0xff, 0xff,
    0xff, 0xff, 0xff, 0xff, 0xff, 0xff, 0xff, 0xff,
    0xff, 0xff, 0xff, 0xff, 0xff, 0xff, 0xff, 0xff,
    0xff, 0xff, 0xff, 0xff, 0xff, 0xff, 0xff, 0x0,
    0xf, 0xf0, 0x0, 0x0, 0x1f, 0xe0, 0x0, 0x0,
    0x3f, 0xc0, 0x0, 0x0, 0x7f, 0x80, 0x0, 0x0,
    0xff, 0x0, 0x0, 0x1, 0xfe, 0x0, 0x0, 0x3,
    0xfc, 0x0, 0x0, 0x7, 0xf8, 0x0, 0x0, 0xf,
    0xf0, 0x0, 0x0, 0x1f, 0xe0, 0x0, 0x0, 0x3f,
    0xc0, 0x0, 0x0, 0x7f, 0x80, 0x0, 0x0, 0xff,
    0x0, 0x0, 0x1, 0xfe, 0x0, 0x0, 0x3, 0xfc,
    0x0, 0x0, 0x7, 0xf8, 0x0, 0x0, 0xf, 0xf0,
    0x0, 0x0, 0x1f, 0xe0, 0x0, 0x0, 0x3f, 0xc0,
    0x0, 0x0, 0x7f, 0x80, 0x0, 0x0, 0xff, 0x0,
    0x0, 0x1, 0xfe, 0x0, 0x0, 0x3, 0xfc, 0x0,
    0x0, 0x7, 0xf8, 0x0, 0x0, 0xf, 0xf0, 0x0,
    0x0, 0x1f, 0xe0, 0x0, 0x0, 0x3f, 0xc0, 0x0,
    0x0, 0x7f, 0x80, 0x0, 0x0, 0xff, 0x0, 0x0,
    0x1, 0xfe, 0x0, 0x0, 0x3, 0xfc, 0x0, 0x0,
    0x7, 0xf8, 0x0, 0x0, 0xf, 0xf0, 0x0, 0x0,
    0x1f, 0xe0, 0x0, 0x0, 0x3f, 0xc0, 0x0, 0x0,
    0x7f, 0x80, 0x0, 0x0, 0xff, 0x0, 0x0, 0x1,
    0xfe, 0x0, 0x0, 0x3, 0xfc, 0x0, 0x0, 0x7,
    0xf8, 0x0, 0x0, 0xf, 0xf0, 0x0, 0x0, 0x1f,
    0xe0, 0x0, 0x0, 0x3f, 0xc0, 0x0, 0x0, 0x7f,
    0x80, 0x0, 0x0, 0xff, 0x0, 0x0, 0x1, 0xfe,
    0x0, 0x0, 0x3, 0xfc, 0x0, 0x7f, 0xff, 0xff,
    0xff, 0xff, 0xff, 0xff, 0xff, 0xff, 0xff, 0xff,
    0xff, 0xff, 0xff, 0xff, 0xff, 0xff, 0xff, 0xff,
    0xff, 0xff, 0xff, 0xff, 0xff, 0xff, 0xff, 0xff,
    0xff, 0xff, 0xff, 0xff, 0x80,

    /* U+004A "J" */
    0x0, 0x0, 0x0, 0x0, 0xfe, 0x0, 0x0, 0x0,
    0x1, 0xfc, 0x0, 0x0, 0x0, 0x3, 0xf8, 0x0,
    0x0, 0x0, 0x7, 0xf0, 0x0, 0x0, 0x0, 0xf,
    0xe0, 0x0, 0x0, 0x0, 0x1f, 0xc0, 0x0, 0x0,
    0x0, 0x3f, 0x80, 0x0, 0x0, 0x0, 0x7f, 0x0,
    0x0, 0x0, 0x0, 0xfe, 0x0, 0x0, 0x0, 0x1,
    0xfc, 0x0, 0x0, 0x0, 0x3, 0xf8, 0x0, 0x0,
    0x0, 0x7, 0xf0, 0x0, 0x0, 0x0, 0xf, 0xe0,
    0x0, 0x0, 0x0, 0x1f, 0xc0, 0x0, 0x0, 0x0,
    0x3f, 0x80, 0x0, 0x0, 0x0, 0x7f, 0x0, 0x0,
    0x0, 0x0, 0xfe, 0x0, 0x0, 0x0, 0x1, 0xfc,
    0x0, 0x0, 0x0, 0x3, 0xf8, 0x0, 0x0, 0x0,
    0x7, 0xf0, 0x0, 0x0, 0x0, 0xf, 0xe0, 0x0,
    0x0, 0x0, 0x1f, 0xc0, 0x0, 0x0, 0x0, 0x3f,
    0x80, 0x0, 0x0, 0x0, 0x7f, 0x0, 0x0, 0x0,
    0x0, 0xfe, 0x0, 0x0, 0x0, 0x1, 0xfc, 0x0,
    0x0, 0x0, 0x3, 0xf8, 0x0, 0x0, 0x0, 0x7,
    0xf0, 0x0, 0x0, 0x0, 0xf, 0xe0, 0x0, 0x0,
    0x0, 0x1f, 0xc0, 0x0, 0x0, 0x0, 0x3f, 0x80,
    0x0, 0x0, 0x0, 0x7f, 0x0, 0x0, 0x0, 0x0,
    0xfe, 0x0, 0x0, 0x0, 0x1, 0xfc, 0x0, 0x0,
    0x0, 0x3, 0xf8, 0x0, 0x0, 0x0, 0x7, 0xf0,
    0x0, 0x0, 0x0, 0xf, 0xe0, 0x0, 0x0, 0x0,
    0x1f, 0xc0, 0x0, 0x0, 0x0, 0x3f, 0x80, 0x0,
    0x0, 0x0, 0x7f, 0xff, 0x0, 0x0, 0x0, 0xff,
    0xfe, 0x0, 0x0, 0x1, 0xff, 0xfc, 0x0, 0x0,
    0x3, 0xff, 0xf8, 0x0, 0x0, 0x7, 0xff, 0xf0,
    0x0, 0x0, 0xf, 0xff, 0xe0, 0x0, 0x0, 0x1f,
    0xff, 0xc0, 0x0, 0x0, 0x3f, 0xff, 0x80, 0x0,
    0x0, 0x7f, 0xff, 0x0, 0x0, 0x0, 0xff, 0xfe,
    0x0, 0x0, 0x1, 0xff, 0xfc, 0x0, 0x0, 0x3,
    0xff, 0xff, 0x80, 0x0, 0x7f, 0xff, 0xff, 0x0,
    0x0, 0xff, 0xff, 0xfe, 0x0, 0x1, 0xff, 0xff,
    0xfc, 0x0, 0x3, 0xff, 0x87, 0xff, 0xff, 0xff,
    0xf0, 0xf, 0xff, 0xff, 0xff, 0xe0, 0x1f, 0xff,
    0xff, 0xff, 0xc0, 0x3f, 0xff, 0xff, 0xff, 0x80,
    0x7, 0xff, 0xff, 0xf8, 0x0, 0xf, 0xff, 0xff,
    0xf0, 0x0, 0x1f, 0xff, 0xff, 0xe0, 0x0, 0x3f,
    0xff, 0xff, 0xc0, 0x0,

    /* U+004B "K" */
    0xff, 0x0, 0x0, 0x1, 0xff, 0xfe, 0x0, 0x0,
    0x3, 0xff, 0xfc, 0x0, 0x0, 0x7, 0xff, 0xf8,
    0x0, 0x0, 0xf, 0xff, 0xf0, 0x0, 0x0, 0xff,
    0xff, 0xe0, 0x0, 0x1, 0xff, 0xff, 0xc0, 0x0,
    0x3, 0xff, 0xff, 0x80, 0x0, 0x7, 0xff, 0xff,
    0x0, 0x0, 0xff, 0xe1, 0xfe, 0x0, 0x1, 0xff,
    0xc3, 0xfc, 0x0, 0x3, 0xff, 0x87, 0xf8, 0x0,
    0x7, 0xff, 0xf, 0xf0, 0x1, 0xff, 0xe0, 0x1f,
    0xe0, 0x3, 0xff, 0xc0, 0x3f, 0xc0, 0x7, 0xff,
    0x80, 0x7f, 0x80, 0xf, 0xff, 0x0, 0xff, 0x0,
    0xff, 0xf0, 0x1, 0xfe, 0x1, 0xff, 0xe0, 0x3,
    0xfc, 0x3, 0xff, 0xc0, 0x7, 0xf8, 0x7, 0xff,
    0x80, 0xf, 0xf0, 0xff, 0xf0, 0x0, 0x1f, 0xe1,
    0xff, 0xe0, 0x0, 0x3f, 0xc3, 0xff, 0xc0, 0x0,
    0x7f, 0x87, 0xff, 0x80, 0x0, 0xff, 0xff, 0xe0,
    0x0, 0x1, 0xff, 0xff, 0xc0, 0x0, 0x3, 0xff,
    0xff, 0x80, 0x0, 0x7, 0xff, 0xff, 0x0, 0x0,
    0xf, 0xff, 0xf0, 0x0, 0x0, 0x1f, 0xff, 0xe0,
    0x0, 0x0, 0x3f, 0xff, 0xc0, 0x0, 0x0, 0x7f,
    0xff, 0x80, 0x0, 0x0, 0xff, 0xff, 0x0, 0x0,
    0x1, 0xff, 0xfe, 0x0, 0x0, 0x3, 0xff, 0xfc,
    0x0, 0x0, 0x7, 0xff, 0xff, 0x0, 0x0, 0xf,
    0xff, 0xfe, 0x0, 0x0, 0x1f, 0xff, 0xfc, 0x0,
    0x0, 0x3f, 0xff, 0xf8, 0x0, 0x0, 0x7f, 0x87,
    0xff, 0x80, 0x0, 0xff, 0xf, 0xff, 0x0, 0x1,
    0xfe, 0x1f, 0xfe, 0x0, 0x3, 0xfc, 0x3f, 0xfc,
    0x0, 0x7, 0xf8, 0x7, 0xff, 0x80, 0xf, 0xf0,
    0xf, 0xff, 0x0, 0x1f, 0xe0, 0x1f, 0xfe, 0x0,
    0x3f, 0xc0, 0x3f, 0xfc, 0x0, 0x7f, 0x80, 0xf,
    0xff, 0x0, 0xff, 0x0, 0x1f, 0xfe, 0x1, 0xfe,
    0x0, 0x3f, 0xfc, 0x3, 0xfc, 0x0, 0x7f, 0xf8,
    0x7, 0xf8, 0x0, 0x7, 0xff, 0xf, 0xf0, 0x0,
    0xf, 0xfe, 0x1f, 0xe0, 0x0, 0x1f, 0xfc, 0x3f,
    0xc0, 0x0, 0x3f, 0xf8, 0x7f, 0x80, 0x0, 0x7,
    0xff, 0xff, 0x0, 0x0, 0xf, 0xff, 0xfe, 0x0,
    0x0, 0x1f, 0xff, 0xfc, 0x0, 0x0, 0x3f, 0xff,
    0xf8, 0x0, 0x0, 0xf, 0xff, 0xf0, 0x0, 0x0,
    0x1f, 0xff, 0xe0, 0x0, 0x0, 0x3f, 0xff, 0xc0,
    0x0, 0x0, 0x7f, 0x80,

    /* U+004C "L" */
    0xff, 0x0, 0x0, 0x0, 0x1, 0xfe, 0x0, 0x0,
    0x0, 0x3, 0xfc, 0x0, 0x0, 0x0, 0x7, 0xf8,
    0x0, 0x0, 0x0, 0xf, 0xf0, 0x0, 0x0, 0x0,
    0x1f, 0xe0, 0x0, 0x0, 0x0, 0x3f, 0xc0, 0x0,
    0x0, 0x0, 0x7f, 0x80, 0x0, 0x0, 0x0, 0xff,
    0x0, 0x0, 0x0, 0x1, 0xfe, 0x0, 0x0, 0x0,
    0x3, 0xfc, 0x0, 0x0, 0x0, 0x7, 0xf8, 0x0,
    0x0, 0x0, 0xf, 0xf0, 0x0, 0x0, 0x0, 0x1f,
    0xe0, 0x0, 0x0, 0x0, 0x3f, 0xc0, 0x0, 0x0,
    0x0, 0x7f, 0x80, 0x0, 0x0, 0x0, 0xff, 0x0,
    0x0, 0x0, 0x1, 0xfe, 0x0, 0x0, 0x0, 0x3,
    0xfc, 0x0, 0x0, 0x0, 0x7, 0xf8, 0x0, 0x0,
    0x0, 0xf, 0xf0, 0x0, 0x0, 0x0, 0x1f, 0xe0,
    0x0, 0x0, 0x0, 0x3f, 0xc0, 0x0, 0x0, 0x0,
    0x7f, 0x80, 0x0, 0x0, 0x0, 0xff, 0x0, 0x0,
    0x0, 0x1, 0xfe, 0x0, 0x0, 0x0, 0x3, 0xfc,
    0x0, 0x0, 0x0, 0x7, 0xf8, 0x0, 0x0, 0x0,
    0xf, 0xf0, 0x0, 0x0, 0x0, 0x1f, 0xe0, 0x0,
    0x0, 0x0, 0x3f, 0xc0, 0x0, 0x0, 0x0, 0x7f,
    0x80, 0x0, 0x0, 0x0, 0xff, 0x0, 0x0, 0x0,
    0x1, 0xfe, 0x0, 0x0, 0x0, 0x3, 0xfc, 0x0,
    0x0, 0x0, 0x7, 0xf8, 0x0, 0x0, 0x0, 0xf,
    0xf0, 0x0, 0x0, 0x0, 0x1f, 0xe0, 0x0, 0x0,
    0x0, 0x3f, 0xc0, 0x0, 0x0, 0x0, 0x7f, 0x80,
    0x0, 0x0, 0x0, 0xff, 0x0, 0x0, 0x0, 0x1,
    0xfe, 0x0, 0x0, 0x0, 0x3, 0xfc, 0x0, 0x0,
    0x0, 0x7, 0xf8, 0x0, 0x0, 0x0, 0xf, 0xf0,
    0x0, 0x0, 0x0, 0x1f, 0xe0, 0x0, 0x0, 0x0,
    0x3f, 0xc0, 0x0, 0x0, 0x0, 0x7f, 0x80, 0x0,
    0x0, 0x0, 0xff, 0x0, 0x0, 0x0, 0x1, 0xfe,
    0x0, 0x0, 0x0, 0x3, 0xfc, 0x0, 0x0, 0x0,
    0x7, 0xf8, 0x0, 0x0, 0x0, 0xf, 0xf0, 0x0,
    0x0, 0x0, 0x1f, 0xe0, 0x0, 0x0, 0x0, 0x3f,
    0xc0, 0x0, 0x0, 0x0, 0x7f, 0xff, 0xff, 0xff,
    0xff, 0xff, 0xff, 0xff, 0xff, 0xff, 0xff, 0xff,
    0xff, 0xff, 0xff, 0xff, 0xff, 0xff, 0xff, 0xff,
    0xff, 0xff, 0xff, 0xff, 0xff, 0xff, 0xff, 0xff,
    0xff, 0xff, 0xff, 0xff, 0xff, 0xff, 0xff, 0xff,
    0xff, 0xff, 0xff, 0x80,

    /* U+004D "M" */
    0xff, 0x0, 0x0, 0x1, 0xff, 0xfe, 0x0, 0x0,
    0x3, 0xff, 0xfc, 0x0, 0x0, 0x7, 0xff, 0xf8,
    0x0, 0x0, 0xf, 0xff, 0xff, 0x0, 0x0, 0xff,
    0xff, 0xfe, 0x0, 0x1, 0xff, 0xff, 0xfc, 0x0,
    0x3, 0xff, 0xff, 0xf8, 0x0, 0x7, 0xff, 0xff,
    0xff, 0x0, 0xff, 0xff, 0xff, 0xfe, 0x1, 0xff,
    0xff, 0xff, 0xfc, 0x3, 0xff, 0xff, 0xff, 0xf8,
    0x7, 0xff, 0xff, 0xff, 0xff, 0xff, 0xff, 0xff,
    0xff, 0xff, 0xff, 0xff, 0xff, 0xff, 0xff, 0xff,
    0xff, 0xff, 0xff, 0xff, 0xff, 0xff, 0xff, 0xf,
    0xff, 0xf1, 0xff, 0xfe, 0x1f, 0xff, 0xe3, 0xff,
    0xfc, 0x3f, 0xff, 0xc7, 0xff, 0xf8, 0x7f, 0xff,
    0x8f, 0xff, 0xf0, 0xf, 0xf0, 0x1f, 0xff, 0xe0,
    0x1f, 0xe0, 0x3f, 0xff, 0xc0, 0x3f, 0xc0, 0x7f,
    0xff, 0x80, 0x7f, 0x80, 0xff, 0xff, 0x0, 0x0,
    0x1, 0xff, 0xfe, 0x0, 0x0, 0x3, 0xff, 0xfc,
    0x0, 0x0, 0x7, 0xff, 0xf8, 0x0, 0x0, 0xf,
    0xff, 0xf0, 0x0, 0x0, 0x1f, 0xff, 0xe0, 0x0,
    0x0, 0x3f, 0xff, 0xc0, 0x0, 0x0, 0x7f, 0xff,
    0x80, 0x0, 0x0, 0xff, 0xff, 0x0, 0x0, 0x1,
    0xff, 0xfe, 0x0, 0x0, 0x3, 0xff, 0xfc, 0x0,
    0x0, 0x7, 0xff, 0xf8, 0x0, 0x0, 0xf, 0xff,
    0xf0, 0x0, 0x0, 0x1f, 0xff, 0xe0, 0x0, 0x0,
    0x3f, 0xff, 0xc0, 0x0, 0x0, 0x7f, 0xff, 0x80,
    0x0, 0x0, 0xff, 0xff, 0x0, 0x0, 0x1, 0xff,
    0xfe, 0x0, 0x0, 0x3, 0xff, 0xfc, 0x0, 0x0,
    0x7, 0xff, 0xf8, 0x0, 0x0, 0xf, 0xff, 0xf0,
    0x0, 0x0, 0x1f, 0xff, 0xe0, 0x0, 0x0, 0x3f,
    0xff, 0xc0, 0x0, 0x0, 0x7f, 0xff, 0x80, 0x0,
    0x0, 0xff, 0xff, 0x0, 0x0, 0x1, 0xff, 0xfe,
    0x0, 0x0, 0x3, 0xff, 0xfc, 0x0, 0x0, 0x7,
    0xff, 0xf8, 0x0, 0x0, 0xf, 0xff, 0xf0, 0x0,
    0x0, 0x1f, 0xff, 0xe0, 0x0, 0x0, 0x3f, 0xff,
    0xc0, 0x0, 0x0, 0x7f, 0xff, 0x80, 0x0, 0x0,
    0xff, 0xff, 0x0, 0x0, 0x1, 0xff, 0xfe, 0x0,
    0x0, 0x3, 0xff, 0xfc, 0x0, 0x0, 0x7, 0xff,
    0xf8, 0x0, 0x0, 0xf, 0xff, 0xf0, 0x0, 0x0,
    0x1f, 0xff, 0xe0, 0x0, 0x0, 0x3f, 0xff, 0xc0,
    0x0, 0x0, 0x7f, 0x80,

    /* U+004E "N" */
    0xff, 0x0, 0x0, 0x1, 0xff, 0xfe, 0x0, 0x0,
    0x3, 0xff, 0xfc, 0x0, 0x0, 0x7, 0xff, 0xf8,
    0x0, 0x0, 0xf, 0xff, 0xff, 0x0, 0x0, 0x1f,
    0xff, 0xfe, 0x0, 0x0, 0x3f, 0xff, 0xfc, 0x0,
    0x0, 0x7f, 0xff, 0xf8, 0x0, 0x0, 0xff, 0xff,
    0xff, 0x0, 0x1, 0xff, 0xff, 0xfe, 0x0, 0x3,
    0xff, 0xff, 0xfc, 0x0, 0x7, 0xff, 0xff, 0xf8,
    0x0, 0xf, 0xff, 0xff, 0xff, 0x0, 0x1f, 0xff,
    0xff, 0xfe, 0x0, 0x3f, 0xff, 0xff, 0xfc, 0x0,
    0x7f, 0xff, 0xff, 0xf8, 0x0, 0xff, 0xff, 0xf,
    0xff, 0x1, 0xff, 0xfe, 0x1f, 0xfe, 0x3, 0xff,
    0xfc, 0x3f, 0xfc, 0x7, 0xff, 0xf8, 0x7f, 0xf8,
    0xf, 0xff, 0xf0, 0xf, 0xff, 0x1f, 0xff, 0xe0,
    0x1f, 0xfe, 0x3f, 0xff, 0xc0, 0x3f, 0xfc, 0x7f,
    0xff, 0x80, 0x7f, 0xf8, 0xff, 0xff, 0x0, 0xf,
    0xff, 0xff, 0xfe, 0x0, 0x1f, 0xff, 0xff, 0xfc,
    0x0, 0x3f, 0xff, 0xff, 0xf8, 0x0, 0x7f, 0xff,
    0xff, 0xf0, 0x0, 0xf, 0xff, 0xff, 0xe0, 0x0,
    0x1f, 0xff, 0xff, 0xc0, 0x0, 0x3f, 0xff, 0xff,
    0x80, 0x0, 0x7f, 0xff, 0xff, 0x0, 0x0, 0xf,
    0xff, 0xfe, 0x0, 0x0, 0x1f, 0xff, 0xfc, 0x0,
    0x0, 0x3f, 0xff, 0xf8, 0x0, 0x0, 0x7f, 0xff,
    0xf0, 0x0, 0x0, 0x1f, 0xff, 0xe0, 0x0, 0x0,
    0x3f, 0xff, 0xc0, 0x0, 0x0, 0x7f, 0xff, 0x80,
    0x0, 0x0, 0xff, 0xff, 0x0, 0x0, 0x1, 0xff,
    0xfe, 0x0, 0x0, 0x3, 0xff, 0xfc, 0x0, 0x0,
    0x7, 0xff, 0xf8, 0x0, 0x0, 0xf, 0xff, 0xf0,
    0x0, 0x0, 0x1f, 0xff, 0xe0, 0x0, 0x0, 0x3f,
    0xff, 0xc0, 0x0, 0x0, 0x7f, 0xff, 0x80, 0x0,
    0x0, 0xff, 0xff, 0x0, 0x0, 0x1, 0xff, 0xfe,
    0x0, 0x0, 0x3, 0xff, 0xfc, 0x0, 0x0, 0x7,
    0xff, 0xf8, 0x0, 0x0, 0xf, 0xff, 0xf0, 0x0,
    0x0, 0x1f, 0xff, 0xe0, 0x0, 0x0, 0x3f, 0xff,
    0xc0, 0x0, 0x0, 0x7f, 0xff, 0x80, 0x0, 0x0,
    0xff, 0xff, 0x0, 0x0, 0x1, 0xff, 0xfe, 0x0,
    0x0, 0x3, 0xff, 0xfc, 0x0, 0x0, 0x7, 0xff,
    0xf8, 0x0, 0x0, 0xf, 0xff, 0xf0, 0x0, 0x0,
    0x1f, 0xff, 0xe0, 0x0, 0x0, 0x3f, 0xff, 0xc0,
    0x0, 0x0, 0x7f, 0x80,

    /* U+004F "O" */
    0x0, 0xff, 0xff, 0xff, 0x0, 0x1, 0xff, 0xff,
    0xfe, 0x0, 0x3, 0xff, 0xff, 0xfc, 0x0, 0x7,
    0xff, 0xff, 0xf8, 0x0, 0xff, 0xff, 0xff, 0xfe,
    0x1, 0xff, 0xff, 0xff, 0xfc, 0x3, 0xff, 0xff,
    0xff, 0xf8, 0x7, 0xff, 0xff, 0xff, 0xf0, 0xff,
    0xf0, 0x0, 0xf, 0xff, 0xff, 0xe0, 0x0, 0x1f,
    0xff, 0xff, 0xc0, 0x0, 0x3f, 0xff, 0xff, 0x80,
    0x0, 0x7f, 0xff, 0xf0, 0x0, 0x0, 0xf, 0xff,
    0xe0, 0x0, 0x0, 0x1f, 0xff, 0xc0, 0x0, 0x0,
    0x3f, 0xff, 0x80, 0x0, 0x0, 0x7f, 0xff, 0x0,
    0x0, 0x0, 0xff, 0xfe, 0x0, 0x0, 0x1, 0xff,
    0xfc, 0x0, 0x0, 0x3, 0xff, 0xf8, 0x0, 0x0,
    0x7, 0xff, 0xf0, 0x0, 0x0, 0xf, 0xff, 0xe0,
    0x0, 0x0, 0x1f, 0xff, 0xc0, 0x0, 0x0, 0x3f,
    0xff, 0x80, 0x0, 0x0, 0x7f, 0xff, 0x0, 0x0,
    0x0, 0xff, 0xfe, 0x0, 0x0, 0x1, 0xff, 0xfc,
    0x0, 0x0, 0x3, 0xff, 0xf8, 0x0, 0x0, 0x7,
    0xff, 0xf0, 0x0, 0x0, 0xf, 0xff, 0xe0, 0x0,
    0x0, 0x1f, 0xff, 0xc0, 0x0, 0x0, 0x3f, 0xff,
    0x80, 0x0, 0x0, 0x7f, 0xff, 0x0, 0x0, 0x0,
    0xff, 0xfe, 0x0, 0x0, 0x1, 0xff, 0xfc, 0x0,
    0x0, 0x3, 0xff, 0xf8, 0x0, 0x0, 0x7, 0xff,
    0xf0, 0x0, 0x0, 0xf, 0xff, 0xe0, 0x0, 0x0,
    0x1f, 0xff, 0xc0, 0x0, 0x0, 0x3f, 0xff, 0x80,
    0x0, 0x0, 0x7f, 0xff, 0x0, 0x0, 0x0, 0xff,
    0xfe, 0x0, 0x0, 0x1, 0xff, 0xfc, 0x0, 0x0,
    0x3, 0xff, 0xf8, 0x0, 0x0, 0x7, 0xff, 0xf0,
    0x0, 0x0, 0xf, 0xff, 0xe0, 0x0, 0x0, 0x1f,
    0xff, 0xc0, 0x0, 0x0, 0x3f, 0xff, 0x80, 0x0,
    0x0, 0x7f, 0xff, 0x0, 0x0, 0x0, 0xff, 0xfe,
    0x0, 0x0, 0x1, 0xff, 0xfc, 0x0, 0x0, 0x3,
    0xff, 0xff, 0x80, 0x0, 0x7f, 0xff, 0xff, 0x0,
    0x0, 0xff, 0xff, 0xfe, 0x0, 0x1, 0xff, 0xff,
    0xfc, 0x0, 0x3, 0xff, 0x87, 0xff, 0xff, 0xff,
    0xf0, 0xf, 0xff, 0xff, 0xff, 0xe0, 0x1f, 0xff,
    0xff, 0xff, 0xc0, 0x3f, 0xff, 0xff, 0xff, 0x80,
    0x7, 0xff, 0xff, 0xf8, 0x0, 0xf, 0xff, 0xff,
    0xf0, 0x0, 0x1f, 0xff, 0xff, 0xe0, 0x0, 0x3f,
    0xff, 0xff, 0xc0, 0x0,

    /* U+0050 "P" */
    0xff, 0xff, 0xff, 0xfe, 0x1, 0xff, 0xff, 0xff,
    0xfc, 0x3, 0xff, 0xff, 0xff, 0xf8, 0x7, 0xff,
    0xff, 0xff, 0xf0, 0xf, 0xff, 0xff, 0xff, 0xfe,
    0x1f, 0xff, 0xff, 0xff, 0xfc, 0x3f, 0xff, 0xff,
    0xff, 0xf8, 0x7f, 0xff, 0xff, 0xff, 0xf0, 0xff,
    0x0, 0x0, 0x1f, 0xff, 0xfe, 0x0, 0x0, 0x3f,
    0xff, 0xfc, 0x0, 0x0, 0x7f, 0xff, 0xf8, 0x0,
    0x0, 0xff, 0xff, 0xf0, 0x0, 0x0, 0x1f, 0xff,
    0xe0, 0x0, 0x0, 0x3f, 0xff, 0xc0, 0x0, 0x0,
    0x7f, 0xff, 0x80, 0x0, 0x0, 0xff, 0xff, 0x0,
    0x0, 0x1, 0xff, 0xfe, 0x0, 0x0, 0x3, 0xff,
    0xfc, 0x0, 0x0, 0x7, 0xff, 0xf8, 0x0, 0x0,
    0xf, 0xff, 0xf0, 0x0, 0x0, 0x1f, 0xff, 0xe0,
    0x0, 0x0, 0x3f, 0xff, 0xc0, 0x0, 0x0, 0x7f,
    0xff, 0x80, 0x0, 0xf, 0xff, 0xff, 0x0, 0x0,
    0x1f, 0xff, 0xfe, 0x0, 0x0, 0x3f, 0xff, 0xfc,
    0x0, 0x0, 0x7f, 0xff, 0xf8, 0x0, 0x0, 0xff,
    0xf, 0xff, 0xff, 0xff, 0xfe, 0x1f, 0xff, 0xff,
    0xff, 0xfc, 0x3f, 0xff, 0xff, 0xff, 0xf8, 0x7f,
    0xff, 0xff, 0xff, 0x0, 0xff, 0xff, 0xff, 0xfe,
    0x1, 0xff, 0xff, 0xff, 0xfc, 0x3, 0xff, 0xff,
    0xff, 0xf8, 0x7, 0xff, 0xff, 0xff, 0xf0, 0xf,
    0xf0, 0x0, 0x0, 0x0, 0x1f, 0xe0, 0x0, 0x0,
    0x0, 0x3f, 0xc0, 0x0, 0x0, 0x0, 0x7f, 0x80,
    0x0, 0x0, 0x0, 0xff, 0x0, 0x0, 0x0, 0x1,
    0xfe, 0x0, 0x0, 0x0, 0x3, 0xfc, 0x0, 0x0,
    0x0, 0x7, 0xf8, 0x0, 0x0, 0x0, 0xf, 0xf0,
    0x0, 0x0, 0x0, 0x1f, 0xe0, 0x0, 0x0, 0x0,
    0x3f, 0xc0, 0x0, 0x0, 0x0, 0x7f, 0x80, 0x0,
    0x0, 0x0, 0xff, 0x0, 0x0, 0x0, 0x1, 0xfe,
    0x0, 0x0, 0x0, 0x3, 0xfc, 0x0, 0x0, 0x0,
    0x7, 0xf8, 0x0, 0x0, 0x0, 0xf, 0xf0, 0x0,
    0x0, 0x0, 0x1f, 0xe0, 0x0, 0x0, 0x0, 0x3f,
    0xc0, 0x0, 0x0, 0x0, 0x7f, 0x80, 0x0, 0x0,
    0x0, 0xff, 0x0, 0x0, 0x0, 0x1, 0xfe, 0x0,
    0x0, 0x0, 0x3, 0xfc, 0x0, 0x0, 0x0, 0x7,
    0xf8, 0x0, 0x0, 0x0, 0xf, 0xf0, 0x0, 0x0,
    0x0, 0x1f, 0xe0, 0x0, 0x0, 0x0, 0x3f, 0xc0,
    0x0, 0x0, 0x0, 0x0,

    /* U+0051 "Q" */
    0x0, 0xff, 0xff, 0xff, 0x0, 0x0, 0xf, 0xff,
    0xff, 0xf0, 0x0, 0x0, 0xff, 0xff, 0xff, 0x0,
    0x0, 0xf, 0xff, 0xff, 0xf0, 0x0, 0xf, 0xff,
    0xff, 0xff, 0xe0, 0x0, 0xff, 0xff, 0xff, 0xfe,
    0x0, 0xf, 0xff, 0xff, 0xff, 0xe0, 0x0, 0xff,
    0xff, 0xff, 0xfe, 0x0, 0xff, 0xf0, 0x0, 0xf,
    0xfe, 0xf, 0xff, 0x0, 0x0, 0xff, 0xe0, 0xff,
    0xf0, 0x0, 0xf, 0xfe, 0xf, 0xff, 0x0, 0x0,
    0xff, 0xe0, 0xff, 0x0, 0x0, 0x0, 0xfe, 0xf,
    0xf0, 0x0, 0x0, 0xf, 0xe0, 0xff, 0x0, 0x0,
    0x0, 0xfe, 0xf, 0xf0, 0x0, 0x0, 0xf, 0xe0,
    0xff, 0x0, 0x0, 0x0, 0xfe, 0xf, 0xf0, 0x0,
    0x0, 0xf, 0xe0, 0xff, 0x0, 0x0, 0x0, 0xfe,
    0xf, 0xf0, 0x0, 0x0, 0xf, 0xe0, 0xff, 0x0,
    0x0, 0x0, 0xfe, 0xf, 0xf0, 0x0, 0x0, 0xf,
    0xe0, 0xff, 0x0, 0x0, 0x0, 0xfe, 0xf, 0xf0,
    0x0, 0x0, 0xf, 0xe0, 0xff, 0x0, 0x0, 0x0,
    0xfe, 0xf, 0xf0, 0x0, 0x0, 0xf, 0xe0, 0xff,
    0x0, 0x0, 0x0, 0xfe, 0xf, 0xf0, 0x0, 0x0,
    0xf, 0xe0, 0xff, 0x0, 0x0, 0x0, 0xfe, 0xf,
    0xf0, 0x0, 0x0, 0xf, 0xe0, 0xff, 0x0, 0x0,
    0x0, 0xfe, 0xf, 0xf0, 0x0, 0x0, 0xf, 0xe0,
    0xff, 0x0, 0x0, 0x0, 0xfe, 0xf, 0xf0, 0x0,
    0x0, 0xf, 0xe0, 0xff, 0x0, 0x0, 0x0, 0xfe,
    0xf, 0xf0, 0x0, 0x0, 0xf, 0xe0, 0xff, 0xff,
    0xf0, 0x0, 0xfe, 0xf, 0xff, 0xff, 0x0, 0xf,
    0xe0, 0xff, 0xff, 0xf0, 0x0, 0xfe, 0xf, 0xff,
    0xff, 0xe0, 0xf, 0xe0, 0xff, 0xff, 0xfe, 0x0,
    0xfe, 0xf, 0xff, 0xff, 0xe0, 0xf, 0xe0, 0xff,
    0xff, 0xfe, 0x0, 0xfe, 0xf, 0xf0, 0xf, 0xff,
    0xf, 0xe0, 0xff, 0x0, 0xff, 0xf0, 0xfe, 0xf,
    0xf0, 0xf, 0xff, 0xf, 0xe0, 0xff, 0x0, 0xff,
    0xf0, 0xfe, 0xf, 0xf0, 0x0, 0xff, 0xff, 0xe0,
    0xff, 0x0, 0xf, 0xff, 0xfe, 0xf, 0xf0, 0x0,
    0xff, 0xff, 0xe0, 0xff, 0x0, 0xf, 0xff, 0xfe,
    0xf, 0xff, 0x0, 0x1f, 0xfe, 0x0, 0xff, 0xf0,
    0x1, 0xff, 0xe0, 0xf, 0xff, 0x0, 0x1f, 0xfe,
    0x0, 0xff, 0xf0, 0x1, 0xff, 0xe0, 0x0, 0xff,
    0xff, 0xff, 0xff, 0xff, 0xf, 0xff, 0xff, 0xff,
    0xff, 0xf0, 0xff, 0xff, 0xff, 0xff, 0xff, 0xf,
    0xff, 0xff, 0xff, 0xff, 0xf0, 0xf, 0xff, 0xff,
    0xf, 0xff, 0x0, 0xff, 0xff, 0xf0, 0xff, 0xf0,
    0xf, 0xff, 0xff, 0xf, 0xff, 0x0, 0xff, 0xff,
    0xf0, 0xff, 0xf0,

    /* U+0052 "R" */
    0xff, 0xff, 0xff, 0xfe, 0x1, 0xff, 0xff, 0xff,
    0xfc, 0x3, 0xff, 0xff, 0xff, 0xf8, 0x7, 0xff,
    0xff, 0xff, 0xf0, 0xf, 0xff, 0xff, 0xff, 0xfe,
    0x1f, 0xff, 0xff, 0xff, 0xfc, 0x3f, 0xff, 0xff,
    0xff, 0xf8, 0x7f, 0xff, 0xff, 0xff, 0xf0, 0xff,
    0x0, 0x0, 0xf, 0xff, 0xfe, 0x0, 0x0, 0x1f,
    0xff, 0xfc, 0x0, 0x0, 0x3f, 0xff, 0xf8, 0x0,
    0x0, 0x7f, 0xff, 0xf0, 0x0, 0x0, 0x1f, 0xff,
    0xe0, 0x0, 0x0, 0x3f, 0xff, 0xc0, 0x0, 0x0,
    0x7f, 0xff, 0x80, 0x0, 0x0, 0xff, 0xff, 0x0,
    0x0, 0x1, 0xff, 0xfe, 0x0, 0x0, 0x3, 0xff,
    0xfc, 0x0, 0x0, 0x7, 0xff, 0xf8, 0x0, 0x0,
    0xf, 0xff, 0xf0, 0x0, 0x0, 0x1f, 0xff, 0xe0,
    0x0, 0x0, 0x3f, 0xff, 0xc0, 0x0, 0x0, 0x7f,
    0xff, 0x80, 0x0, 0x7, 0xff, 0xff, 0x0, 0x0,
    0xf, 0xff, 0xfe, 0x0, 0x0, 0x1f, 0xff, 0xfc,
    0x0, 0x0, 0x3f, 0xff, 0xf8, 0x0, 0x0, 0x7f,
    0xf, 0xff, 0xff, 0xff, 0xfe, 0x1f, 0xff, 0xff,
    0xff, 0xfc, 0x3f, 0xff, 0xff, 0xff, 0xf8, 0x7f,
    0xff, 0xff, 0xff, 0x0, 0xff, 0xff, 0xff, 0xfe,
    0x1, 0xff, 0xff, 0xff, 0xfc, 0x3, 0xff, 0xff,
    0xff, 0xf8, 0x7, 0xff, 0xff, 0xff, 0xf0, 0xf,
    0xff, 0xfe, 0x0, 0x0, 0x1f, 0xff, 0xfc, 0x0,
    0x0, 0x3f, 0xff, 0xf8, 0x0, 0x0, 0x7f, 0x87,
    0xff, 0x80, 0x0, 0xff, 0xf, 0xff, 0x0, 0x1,
    0xfe, 0x1f, 0xfe, 0x0, 0x3, 0xfc, 0x3f, 0xfc,
    0x0, 0x7, 0xf8, 0x7, 0xff, 0x80, 0xf, 0xf0,
    0xf, 0xff, 0x0, 0x1f, 0xe0, 0x1f, 0xfe, 0x0,
    0x3f, 0xc0, 0x3f, 0xfc, 0x0, 0x7f, 0x80, 0xf,
    0xff, 0x0, 0xff, 0x0, 0x1f, 0xfe, 0x1, 0xfe,
    0x0, 0x3f, 0xfc, 0x3, 0xfc, 0x0, 0x7f, 0xf8,
    0x7, 0xf8, 0x0, 0x7, 0xff, 0xf, 0xf0, 0x0,
    0xf, 0xfe, 0x1f, 0xe0, 0x0, 0x1f, 0xfc, 0x3f,
    0xc0, 0x0, 0x3f, 0xf8, 0x7f, 0x80, 0x0, 0x7,
    0xff, 0xff, 0x0, 0x0, 0xf, 0xff, 0xfe, 0x0,
    0x0, 0x1f, 0xff, 0xfc, 0x0, 0x0, 0x3f, 0xff,
    0xf8, 0x0, 0x0, 0xf, 0xff, 0xf0, 0x0, 0x0,
    0x1f, 0xff, 0xe0, 0x0, 0x0, 0x3f, 0xff, 0xc0,
    0x0, 0x0, 0x7f, 0x80,

    /* U+0053 "S" */
    0x0, 0xff, 0xff, 0xfe, 0x0, 0x1, 0xff, 0xff,
    0xfc, 0x0, 0x3, 0xff, 0xff, 0xf8, 0x0, 0x7,
    0xff, 0xff, 0xf0, 0x0, 0xff, 0xff, 0xff, 0xfe,
    0x1, 0xff, 0xff, 0xff, 0xfc, 0x3, 0xff, 0xff,
    0xff, 0xf8, 0x7, 0xff, 0xff, 0xff, 0xf0, 0xff,
    0xf0, 0x0, 0x1f, 0xff, 0xff, 0xe0, 0x0, 0x3f,
    0xff, 0xff, 0xc0, 0x0, 0x7f, 0xff, 0xff, 0x80,
    0x0, 0xff, 0xff, 0xf0, 0x0, 0x0, 0x1f, 0xff,
    0xe0, 0x0, 0x0, 0x3f, 0xff, 0xc0, 0x0, 0x0,
    0x7f, 0xff, 0x80, 0x0, 0x0, 0xff, 0xff, 0x0,
    0x0, 0x0, 0x1, 0xfe, 0x0, 0x0, 0x0, 0x3,
    0xfc, 0x0, 0x0, 0x0, 0x7, 0xf8, 0x0, 0x0,
    0x0, 0xf, 0xf0, 0x0, 0x0, 0x0, 0x1f, 0xe0,
    0x0, 0x0, 0x0, 0x3f, 0xc0, 0x0, 0x0, 0x0,
    0x7f, 0xf8, 0x0, 0x0, 0x0, 0xff, 0xf0, 0x0,
    0x0, 0x1, 0xff, 0xe0, 0x0, 0x0, 0x3, 0xff,
    0xc0, 0x0, 0x0, 0x0, 0x7f, 0x80, 0x0, 0x0,
    0x0, 0xff, 0xff, 0xff, 0xe0, 0x1, 0xff, 0xff,
    0xff, 0xc0, 0x3, 0xff, 0xff, 0xff, 0x80, 0x0,
    0x7f, 0xff, 0xff, 0x0, 0x0, 0xff, 0xff, 0xff,
    0xe0, 0x1, 0xff, 0xff, 0xff, 0xc0, 0x3, 0xff,
    0xff, 0xff, 0x80, 0x7, 0xff, 0xff, 0xff, 0x0,
    0x0, 0x0, 0x1, 0xff, 0xe0, 0x0, 0x0, 0x3,
    0xff, 0xc0, 0x0, 0x0, 0x7, 0xff, 0x80, 0x0,
    0x0, 0xf, 0xff, 0x0, 0x0, 0x0, 0x1, 0xfe,
    0x0, 0x0, 0x0, 0x3, 0xfc, 0x0, 0x0, 0x0,
    0x7, 0xf8, 0x0, 0x0, 0x0, 0xf, 0xf0, 0x0,
    0x0, 0x0, 0x1f, 0xe0, 0x0, 0x0, 0x0, 0x3f,
    0xc0, 0x0, 0x0, 0x0, 0x7f, 0xff, 0x80, 0x0,
    0x0, 0xff, 0xff, 0x0, 0x0, 0x1, 0xff, 0xfe,
    0x0, 0x0, 0x3, 0xff, 0xfc, 0x0, 0x0, 0x7,
    0xff, 0xff, 0x80, 0x0, 0xff, 0xff, 0xff, 0x0,
    0x1, 0xff, 0xff, 0xfe, 0x0, 0x3, 0xff, 0xff,
    0xfc, 0x0, 0x7, 0xff, 0x87, 0xff, 0xff, 0xff,
    0xf0, 0xf, 0xff, 0xff, 0xff, 0xe0, 0x1f, 0xff,
    0xff, 0xff, 0xc0, 0x3f, 0xff, 0xff, 0xff, 0x80,
    0x7, 0xff, 0xff, 0xf0, 0x0, 0xf, 0xff, 0xff,
    0xe0, 0x0, 0x1f, 0xff, 0xff, 0xc0, 0x0, 0x3f,
    0xff, 0xff, 0x80, 0x0,

    /* U+0054 "T" */
    0xff, 0xff, 0xff, 0xff, 0xff, 0xff, 0xff, 0xff,
    0xff, 0xff, 0xff, 0xff, 0xff, 0xff, 0xff, 0xff,
    0xff, 0xff, 0xff, 0xff, 0xff, 0xff, 0xff, 0xff,
    0xff, 0xff, 0xff, 0xff, 0xff, 0xff, 0xff, 0xff,
    0xff, 0xff, 0xff, 0xff, 0xff, 0xff, 0xff, 0x0,
    0x0, 0xff, 0x0, 0x0, 0x0, 0x1, 0xfe, 0x0,
    0x0, 0x0, 0x3, 0xfc, 0x0, 0x0, 0x0, 0x7,
    0xf8, 0x0, 0x0, 0x0, 0xf, 0xf0, 0x0, 0x0,
    0x0, 0x1f, 0xe0, 0x0, 0x0, 0x0, 0x3f, 0xc0,
    0x0, 0x0, 0x0, 0x7f, 0x80, 0x0, 0x0, 0x0,
    0xff, 0x0, 0x0, 0x0, 0x1, 0xfe, 0x0, 0x0,
    0x0, 0x3, 0xfc, 0x0, 0x0, 0x0, 0x7, 0xf8,
    0x0, 0x0, 0x0, 0xf, 0xf0, 0x0, 0x0, 0x0,
    0x1f, 0xe0, 0x0, 0x0, 0x0, 0x3f, 0xc0, 0x0,
    0x0, 0x0, 0x7f, 0x80, 0x0, 0x0, 0x0, 0xff,
    0x0, 0x0, 0x0, 0x1, 0xfe, 0x0, 0x0, 0x0,
    0x3, 0xfc, 0x0, 0x0, 0x0, 0x7, 0xf8, 0x0,
    0x0, 0x0, 0xf, 0xf0, 0x0, 0x0, 0x0, 0x1f,
    0xe0, 0x0, 0x0, 0x0, 0x3f, 0xc0, 0x0, 0x0,
    0x0, 0x7f, 0x80, 0x0, 0x0, 0x0, 0xff, 0x0,
    0x0, 0x0, 0x1, 0xfe, 0x0, 0x0, 0x0, 0x3,
    0xfc, 0x0, 0x0, 0x0, 0x7, 0xf8, 0x0, 0x0,
    0x0, 0xf, 0xf0, 0x0, 0x0, 0x0, 0x1f, 0xe0,
    0x0, 0x0, 0x0, 0x3f, 0xc0, 0x0, 0x0, 0x0,
    0x7f, 0x80, 0x0, 0x0, 0x0, 0xff, 0x0, 0x0,
    0x0, 0x1, 0xfe, 0x0, 0x0, 0x0, 0x3, 0xfc,
    0x0, 0x0, 0x0, 0x7, 0xf8, 0x0, 0x0, 0x0,
    0xf, 0xf0, 0x0, 0x0, 0x0, 0x1f, 0xe0, 0x0,
    0x0, 0x0, 0x3f, 0xc0, 0x0, 0x0, 0x0, 0x7f,
    0x80, 0x0, 0x0, 0x0, 0xff, 0x0, 0x0, 0x0,
    0x1, 0xfe, 0x0, 0x0, 0x0, 0x3, 0xfc, 0x0,
    0x0, 0x0, 0x7, 0xf8, 0x0, 0x0, 0x0, 0xf,
    0xf0, 0x0, 0x0, 0x0, 0x1f, 0xe0, 0x0, 0x0,
    0x0, 0x3f, 0xc0, 0x0, 0x0, 0x0, 0x7f, 0x80,
    0x0, 0x0, 0x0, 0xff, 0x0, 0x0, 0x0, 0x1,
    0xfe, 0x0, 0x0, 0x0, 0x3, 0xfc, 0x0, 0x0,
    0x0, 0x7, 0xf8, 0x0, 0x0, 0x0, 0xf, 0xf0,
    0x0, 0x0, 0x0, 0x1f, 0xe0, 0x0, 0x0, 0x0,
    0x3f, 0xc0, 0x0, 0x0,

    /* U+0055 "U" */
    0xff, 0x0, 0x0, 0x0, 0xff, 0xfe, 0x0, 0x0,
    0x1, 0xff, 0xfc, 0x0, 0x0, 0x3, 0xff, 0xf8,
    0x0, 0x0, 0x7, 0xff, 0xf0, 0x0, 0x0, 0xf,
    0xff, 0xe0, 0x0, 0x0, 0x1f, 0xff, 0xc0, 0x0,
    0x0, 0x3f, 0xff, 0x80, 0x0, 0x0, 0x7f, 0xff,
    0x0, 0x0, 0x0, 0xff, 0xfe, 0x0, 0x0, 0x1,
    0xff, 0xfc, 0x0, 0x0, 0x3, 0xff, 0xf8, 0x0,
    0x0, 0x7, 0xff, 0xf0, 0x0, 0x0, 0xf, 0xff,
    0xe0, 0x0, 0x0, 0x1f, 0xff, 0xc0, 0x0, 0x0,
    0x3f, 0xff, 0x80, 0x0, 0x0, 0x7f, 0xff, 0x0,
    0x0, 0x0, 0xff, 0xfe, 0x0, 0x0, 0x1, 0xff,
    0xfc, 0x0, 0x0, 0x3, 0xff, 0xf8, 0x0, 0x0,
    0x7, 0xff, 0xf0, 0x0, 0x0, 0xf, 0xff, 0xe0,
    0x0, 0x0, 0x1f, 0xff, 0xc0, 0x0, 0x0, 0x3f,
    0xff, 0x80, 0x0, 0x0, 0x7f, 0xff, 0x0, 0x0,
    0x0, 0xff, 0xfe, 0x0, 0x0, 0x1, 0xff, 0xfc,
    0x0, 0x0, 0x3, 0xff, 0xf8, 0x0, 0x0, 0x7,
    0xff, 0xf0, 0x0, 0x0, 0xf, 0xff, 0xe0, 0x0,
    0x0, 0x1f, 0xff, 0xc0, 0x0, 0x0, 0x3f, 0xff,
    0x80, 0x0, 0x0, 0x7f, 0xff, 0x0, 0x0, 0x0,
    0xff, 0xfe, 0x0, 0x0, 0x1, 0xff, 0xfc, 0x0,
    0x0, 0x3, 0xff, 0xf8, 0x0, 0x0, 0x7, 0xff,
    0xf0, 0x0, 0x0, 0xf, 0xff, 0xe0, 0x0, 0x0,
    0x1f, 0xff, 0xc0, 0x0, 0x0, 0x3f, 0xff, 0x80,
    0x0, 0x0, 0x7f, 0xff, 0x0, 0x0, 0x0, 0xff,
    0xfe, 0x0, 0x0, 0x1, 0xff, 0xfc, 0x0, 0x0,
    0x3, 0xff, 0xf8, 0x0, 0x0, 0x7, 0xff, 0xf0,
    0x0, 0x0, 0xf, 0xff, 0xe0, 0x0, 0x0, 0x1f,
    0xff, 0xc0, 0x0, 0x0, 0x3f, 0xff, 0x80, 0x0,
    0x0, 0x7f, 0xff, 0x0, 0x0, 0x0, 0xff, 0xfe,
    0x0, 0x0, 0x1, 0xff, 0xfc, 0x0, 0x0, 0x3,
    0xff, 0xff, 0x80, 0x0, 0x7f, 0xff, 0xff, 0x0,
    0x0, 0xff, 0xff, 0xfe, 0x0, 0x1, 0xff, 0xff,
    0xfc, 0x0, 0x3, 0xff, 0x87, 0xff, 0xff, 0xff,
    0xf0, 0xf, 0xff, 0xff, 0xff, 0xe0, 0x1f, 0xff,
    0xff, 0xff, 0xc0, 0x3f, 0xff, 0xff, 0xff, 0x80,
    0x7, 0xff, 0xff, 0xf8, 0x0, 0xf, 0xff, 0xff,
    0xf0, 0x0, 0x1f, 0xff, 0xff, 0xe0, 0x0, 0x3f,
    0xff, 0xff, 0xc0, 0x0,

    /* U+0056 "V" */
    0xff, 0x0, 0x0, 0x0, 0xff, 0xfe, 0x0, 0x0,
    0x1, 0xff, 0xfc, 0x0, 0x0, 0x3, 0xff, 0xf8,
    0x0, 0x0, 0x7, 0xff, 0xf0, 0x0, 0x0, 0xf,
    0xff, 0xe0, 0x0, 0x0, 0x1f, 0xff, 0xc0, 0x0,
    0x0, 0x3f, 0xff, 0x80, 0x0, 0x0, 0x7f, 0xff,
    0x0, 0x0, 0x0, 0xff, 0xfe, 0x0, 0x0, 0x1,
    0xff, 0xfc, 0x0, 0x0, 0x3, 0xff, 0xf8, 0x0,
    0x0, 0x7, 0xff, 0xf0, 0x0, 0x0, 0xf, 0xff,
    0xe0, 0x0, 0x0, 0x1f, 0xff, 0xc0, 0x0, 0x0,
    0x3f, 0xff, 0x80, 0x0, 0x0, 0x7f, 0xff, 0x0,
    0x0, 0x0, 0xff, 0xfe, 0x0, 0x0, 0x1, 0xff,
    0xfc, 0x0, 0x0, 0x3, 0xff, 0xf8, 0x0, 0x0,
    0x7, 0xff, 0xf0, 0x0, 0x0, 0xf, 0xff, 0xe0,
    0x0, 0x0, 0x1f, 0xff, 0xc0, 0x0, 0x0, 0x3f,
    0xff, 0x80, 0x0, 0x0, 0x7f, 0xff, 0x0, 0x0,
    0x0, 0xff, 0xfe, 0x0, 0x0, 0x1, 0xff, 0xfc,
    0x0, 0x0, 0x3, 0xff, 0xf8, 0x0, 0x0, 0x7,
    0xff, 0xf0, 0x0, 0x0, 0xf, 0xff, 0xe0, 0x0,
    0x0, 0x1f, 0xff, 0xc0, 0x0, 0x0, 0x3f, 0xff,
    0x80, 0x0, 0x0, 0x7f, 0xff, 0x0, 0x0, 0x0,
    0xff, 0xfe, 0x0, 0x0, 0x1, 0xff, 0xfc, 0x0,
    0x0, 0x3, 0xff, 0xf8, 0x0, 0x0, 0x7, 0xff,
    0xf0, 0x0, 0x0, 0xf, 0xff, 0xe0, 0x0, 0x0,
    0x1f, 0xff, 0xc0, 0x0, 0x0, 0x3f, 0xff, 0x80,
    0x0, 0x0, 0x7f, 0xff, 0x0, 0x0, 0x0, 0xff,
    0xfe, 0x0, 0x0, 0x1, 0xff, 0xfc, 0x0, 0x0,
    0x3, 0xff, 0xff, 0x80, 0x0, 0x7f, 0xff, 0xff,
    0x0, 0x0, 0xff, 0xff, 0xfe, 0x0, 0x1, 0xff,
    0xff, 0xfc, 0x0, 0x3, 0xff, 0x87, 0xff, 0x80,
    0x7f, 0xf0, 0xf, 0xff, 0x0, 0xff, 0xe0, 0x1f,
    0xfe, 0x1, 0xff, 0xc0, 0x3f, 0xfc, 0x3, 0xff,
    0x80, 0x7, 0xff, 0xff, 0xf8, 0x0, 0xf, 0xff,
    0xff, 0xf0, 0x0, 0x1f, 0xff, 0xff, 0xe0, 0x0,
    0x3f, 0xff, 0xff, 0xc0, 0x0, 0x7, 0xff, 0xf8,
    0x0, 0x0, 0xf, 0xff, 0xf0, 0x0, 0x0, 0x1f,
    0xff, 0xe0, 0x0, 0x0, 0x3f, 0xff, 0xc0, 0x0,
    0x0, 0x7, 0xf8, 0x0, 0x0, 0x0, 0xf, 0xf0,
    0x0, 0x0, 0x0, 0x1f, 0xe0, 0x0, 0x0, 0x0,
    0x3f, 0xc0, 0x0, 0x0,

    /* U+0057 "W" */
    0xff, 0x0, 0x0, 0x1, 0xff, 0xfe, 0x0, 0x0,
    0x3, 0xff, 0xfc, 0x0, 0x0, 0x7, 0xff, 0xf8,
    0x0, 0x0, 0xf, 0xff, 0xf0, 0x0, 0x0, 0x1f,
    0xff, 0xe0, 0x0, 0x0, 0x3f, 0xff, 0xc0, 0x0,
    0x0, 0x7f, 0xff, 0x80, 0x0, 0x0, 0xff, 0xff,
    0x0, 0x0, 0x1, 0xff, 0xfe, 0x0, 0x0, 0x3,
    0xff, 0xfc, 0x0, 0x0, 0x7, 0xff, 0xf8, 0x0,
    0x0, 0xf, 0xff, 0xf0, 0x0, 0x0, 0x1f, 0xff,
    0xe0, 0x0, 0x0, 0x3f, 0xff, 0xc0, 0x0, 0x0,
    0x7f, 0xff, 0x80, 0x0, 0x0, 0xff, 0xff, 0x0,
    0x0, 0x1, 0xff, 0xfe, 0x0, 0x0, 0x3, 0xff,
    0xfc, 0x0, 0x0, 0x7, 0xff, 0xf8, 0x0, 0x0,
    0xf, 0xff, 0xf0, 0x0, 0x0, 0x1f, 0xff, 0xe0,
    0x0, 0x0, 0x3f, 0xff, 0xc0, 0x0, 0x0, 0x7f,
    0xff, 0x80, 0x0, 0x0, 0xff, 0xff, 0x0, 0x0,
    0x1, 0xff, 0xfe, 0x0, 0x0, 0x3, 0xff, 0xfc,
    0x0, 0x0, 0x7, 0xff, 0xf8, 0x0, 0x0, 0xf,
    0xff, 0xf0, 0x0, 0x0, 0x1f, 0xff, 0xe0, 0x0,
    0x0, 0x3f, 0xff, 0xc0, 0x0, 0x0, 0x7f, 0xff,
    0x80, 0x0, 0x0, 0xff, 0xff, 0x0, 0x0, 0x1,
    0xff, 0xfe, 0x0, 0x0, 0x3, 0xff, 0xfc, 0x0,
    0x0, 0x7, 0xff, 0xf8, 0x0, 0x0, 0xf, 0xff,
    0xf0, 0x0, 0x0, 0x1f, 0xff, 0xe0, 0x0, 0x0,
    0x3f, 0xff, 0xc0, 0x0, 0x0, 0x7f, 0xff, 0x80,
    0x7f, 0x80, 0xff, 0xff, 0x0, 0xff, 0x1, 0xff,
    0xfe, 0x1, 0xfe, 0x3, 0xff, 0xfc, 0x3, 0xfc,
    0x7, 0xff, 0xf8, 0x7f, 0xff, 0x8f, 0xff, 0xf0,
    0xff, 0xff, 0x1f, 0xff, 0xe1, 0xff, 0xfe, 0x3f,
    0xff, 0xc3, 0xff, 0xfc, 0x7f, 0xff, 0xff, 0xff,
    0xff, 0xff, 0xff, 0xff, 0xff, 0xff, 0xff, 0xff,
    0xff, 0xff, 0xff, 0xff, 0xff, 0xff, 0xff, 0xff,
    0xff, 0xff, 0xf8, 0x7, 0xff, 0xff, 0xff, 0xf0,
    0xf, 0xff, 0xff, 0xff, 0xe0, 0x1f, 0xff, 0xff,
    0xff, 0xc0, 0x3f, 0xff, 0xff, 0xf8, 0x0, 0x7,
    0xff, 0xff, 0xf0, 0x0, 0xf, 0xff, 0xff, 0xe0,
    0x0, 0x1f, 0xff, 0xff, 0xc0, 0x0, 0x3f, 0xff,
    0xf8, 0x0, 0x0, 0xf, 0xff, 0xf0, 0x0, 0x0,
    0x1f, 0xff, 0xe0, 0x0, 0x0, 0x3f, 0xff, 0xc0,
    0x0, 0x0, 0x7f, 0x80,

    /* U+0058 "X" */
    0xff, 0x0, 0x0, 0x0, 0xff, 0xfe, 0x0, 0x0,
    0x1, 0xff, 0xfc, 0x0, 0x0, 0x3, 0xff, 0xf8,
    0x0, 0x0, 0x7, 0xff, 0xf0, 0x0, 0x0, 0xf,
    0xff, 0xe0, 0x0, 0x0, 0x1f, 0xff, 0xc0, 0x0,
    0x0, 0x3f, 0xff, 0x80, 0x0, 0x0, 0x7f, 0xff,
    0x0, 0x0, 0x0, 0xff, 0xfe, 0x0, 0x0, 0x1,
    0xff, 0xfc, 0x0, 0x0, 0x3, 0xff, 0xf8, 0x0,
    0x0, 0x7, 0xff, 0xf0, 0x0, 0x0, 0xf, 0xff,
    0xe0, 0x0, 0x0, 0x1f, 0xff, 0xc0, 0x0, 0x0,
    0x3f, 0xff, 0x80, 0x0, 0x0, 0x7f, 0xff, 0xf0,
    0x0, 0xf, 0xff, 0xff, 0xe0, 0x0, 0x1f, 0xff,
    0xff, 0xc0, 0x0, 0x3f, 0xf8, 0x7f, 0x80, 0x0,
    0x7f, 0x0, 0xff, 0xf0, 0x1f, 0xfe, 0x1, 0xff,
    0xe0, 0x3f, 0xfc, 0x3, 0xff, 0xc0, 0x7f, 0xf8,
    0x7, 0xff, 0x80, 0xff, 0xf0, 0x0, 0xff, 0xff,
    0xff, 0x0, 0x1, 0xff, 0xff, 0xfe, 0x0, 0x3,
    0xff, 0xff, 0xfc, 0x0, 0x7, 0xff, 0xff, 0xf8,
    0x0, 0x0, 0xff, 0xff, 0x0, 0x0, 0x1, 0xff,
    0xfe, 0x0, 0x0, 0x3, 0xff, 0xfc, 0x0, 0x0,
    0x7, 0xff, 0xf8, 0x0, 0x0, 0xf, 0xff, 0xf0,
    0x0, 0x0, 0x1f, 0xff, 0xe0, 0x0, 0x0, 0x3f,
    0xff, 0xc0, 0x0, 0x7, 0xff, 0xff, 0xf8, 0x0,
    0xf, 0xff, 0xff, 0xf0, 0x0, 0x1f, 0xff, 0xff,
    0xe0, 0x0, 0x3f, 0xff, 0xff, 0xc0, 0x7, 0xff,
    0x80, 0xff, 0xf0, 0xf, 0xff, 0x1, 0xff, 0xe0,
    0x1f, 0xfe, 0x3, 0xff, 0xc0, 0x3f, 0xfc, 0x7,
    0xff, 0x80, 0x7f, 0x80, 0x0, 0x7f, 0xf, 0xff,
    0x0, 0x0, 0xff, 0xff, 0xfe, 0x0, 0x1, 0xff,
    0xff, 0xfc, 0x0, 0x3, 0xff, 0xff, 0x80, 0x0,
    0x0, 0x7f, 0xff, 0x0, 0x0, 0x0, 0xff, 0xfe,
    0x0, 0x0, 0x1, 0xff, 0xfc, 0x0, 0x0, 0x3,
    0xff, 0xf8, 0x0, 0x0, 0x7, 0xff, 0xf0, 0x0,
    0x0, 0xf, 0xff, 0xe0, 0x0, 0x0, 0x1f, 0xff,
    0xc0, 0x0, 0x0, 0x3f, 0xff, 0x80, 0x0, 0x0,
    0x7f, 0xff, 0x0, 0x0, 0x0, 0xff, 0xfe, 0x0,
    0x0, 0x1, 0xff, 0xfc, 0x0, 0x0, 0x3, 0xff,
    0xf8, 0x0, 0x0, 0x7, 0xff, 0xf0, 0x0, 0x0,
    0xf, 0xff, 0xe0, 0x0, 0x0, 0x1f, 0xff, 0xc0,
    0x0, 0x0, 0x3f, 0x80,

    /* U+0059 "Y" */
    0xff, 0x0, 0x0, 0x0, 0xff, 0xfe, 0x0, 0x0,
    0x1, 0xff, 0xfc, 0x0, 0x0, 0x3, 0xff, 0xf8,
    0x0, 0x0, 0x7, 0xff, 0xf0, 0x0, 0x0, 0xf,
    0xff, 0xe0, 0x0, 0x0, 0x1f, 0xff, 0xc0, 0x0,
    0x0, 0x3f, 0xff, 0x80, 0x0, 0x0, 0x7f, 0xff,
    0x0, 0x0, 0x0, 0xff, 0xfe, 0x0, 0x0, 0x1,
    0xff, 0xfc, 0x0, 0x0, 0x3, 0xff, 0xf8, 0x0,
    0x0, 0x7, 0xff, 0xf0, 0x0, 0x0, 0xf, 0xff,
    0xe0, 0x0, 0x0, 0x1f, 0xff, 0xc0, 0x0, 0x0,
    0x3f, 0xff, 0x80, 0x0, 0x0, 0x7f, 0xff, 0xf0,
    0x0, 0xf, 0xff, 0xff, 0xe0, 0x0, 0x1f, 0xff,
    0xff, 0xc0, 0x0, 0x3f, 0xf8, 0x7f, 0x80, 0x0,
    0x7f, 0x0, 0xff, 0xf0, 0xf, 0xfe, 0x1, 0xff,
    0xe0, 0x1f, 0xfc, 0x3, 0xff, 0xc0, 0x3f, 0xf8,
    0x7, 0xff, 0x80, 0x7f, 0xf0, 0x0, 0xff, 0xff,
    0xff, 0x0, 0x1, 0xff, 0xff, 0xfe, 0x0, 0x3,
    0xff, 0xff, 0xfc, 0x0, 0x7, 0xff, 0xff, 0xf8,
    0x0, 0x0, 0xff, 0xff, 0x0, 0x0, 0x1, 0xff,
    0xfe, 0x0, 0x0, 0x3, 0xff, 0xfc, 0x0, 0x0,
    0x7, 0xff, 0xf8, 0x0, 0x0, 0x0, 0xff, 0x0,
    0x0, 0x0, 0x1, 0xfe, 0x0, 0x0, 0x0, 0x3,
    0xfc, 0x0, 0x0, 0x0, 0x7, 0xf8, 0x0, 0x0,
    0x0, 0xf, 0xf0, 0x0, 0x0, 0x0, 0x1f, 0xe0,
    0x0, 0x0, 0x0, 0x3f, 0xc0, 0x0, 0x0, 0x0,
    0x7f, 0x80, 0x0, 0x0, 0x0, 0xff, 0x0, 0x0,
    0x0, 0x1, 0xfe, 0x0, 0x0, 0x0, 0x3, 0xfc,
    0x0, 0x0, 0x0, 0x7, 0xf8, 0x0, 0x0, 0x0,
    0xf, 0xf0, 0x0, 0x0, 0x0, 0x1f, 0xe0, 0x0,
    0x0, 0x0, 0x3f, 0xc0, 0x0, 0x0, 0x0, 0x7f,
    0x80, 0x0, 0x0, 0x0, 0xff, 0x0, 0x0, 0x0,
    0x1, 0xfe, 0x0, 0x0, 0x0, 0x3, 0xfc, 0x0,
    0x0, 0x0, 0x7, 0xf8, 0x0, 0x0, 0x0, 0xf,
    0xf0, 0x0, 0x0, 0x0, 0x1f, 0xe0, 0x0, 0x0,
    0x0, 0x3f, 0xc0, 0x0, 0x0, 0x0, 0x7f, 0x80,
    0x0, 0x0, 0x0, 0xff, 0x0, 0x0, 0x0, 0x1,
    0xfe, 0x0, 0x0, 0x0, 0x3, 0xfc, 0x0, 0x0,
    0x0, 0x7, 0xf8, 0x0, 0x0, 0x0, 0xf, 0xf0,
    0x0, 0x0, 0x0, 0x1f, 0xe0, 0x0, 0x0, 0x0,
    0x3f, 0xc0, 0x0, 0x0,

    /* U+005A "Z" */
    0xff, 0xff, 0xff, 0xff, 0xff, 0xff, 0xff, 0xff,
    0xff, 0xff, 0xff, 0xff, 0xff, 0xff, 0xff, 0xff,
    0xff, 0xff, 0xff, 0xff, 0xff, 0xff, 0xff, 0xff,
    0xff, 0xff, 0xff, 0xff, 0xff, 0xff, 0xff, 0xff,
    0xff, 0xff, 0xff, 0xff, 0xff, 0xff, 0xff, 0x0,
    0x0, 0x0, 0x1, 0xfe, 0x0, 0x0, 0x0, 0x3,
    0xfc, 0x0, 0x0, 0x0, 0x7, 0xf8, 0x0, 0x0,
    0x0, 0xf, 0xf0, 0x0, 0x0, 0x0, 0x1f, 0xe0,
    0x0, 0x0, 0x0, 0x3f, 0xc0, 0x0, 0x0, 0x0,
    0x7f, 0x80, 0x0, 0x0, 0x0, 0xff, 0x0, 0x0,
    0x0, 0xf, 0xfe, 0x0, 0x0, 0x0, 0x1f, 0xfc,
    0x0, 0x0, 0x0, 0x3f, 0xf8, 0x0, 0x0, 0x0,
    0x7f, 0xf0, 0x0, 0x0, 0xf, 0xfe, 0x0, 0x0,
    0x0, 0x1f, 0xfc, 0x0, 0x0, 0x0, 0x3f, 0xf8,
    0x0, 0x0, 0x0, 0x7f, 0xf0, 0x0, 0x0, 0xf,
    0xfe, 0x0, 0x0, 0x0, 0x1f, 0xfc, 0x0, 0x0,
    0x0, 0x3f, 0xf8, 0x0, 0x0, 0x0, 0x7f, 0xf0,
    0x0, 0x0, 0xf, 0xff, 0x0, 0x0, 0x0, 0x1f,
    0xfe, 0x0, 0x0, 0x0, 0x3f, 0xfc, 0x0, 0x0,
    0x0, 0x7f, 0xf8, 0x0, 0x0, 0xf, 0xff, 0x0,
    0x0, 0x0, 0x1f, 0xfe, 0x0, 0x0, 0x0, 0x3f,
    0xfc, 0x0, 0x0, 0x7, 0xff, 0x80, 0x0, 0x0,
    0xf, 0xff, 0x0, 0x0, 0x0, 0x1f, 0xfe, 0x0,
    0x0, 0x0, 0x3f, 0xfc, 0x0, 0x0, 0x7, 0xff,
    0xf8, 0x0, 0x0, 0xf, 0xff, 0x0, 0x0, 0x0,
    0x1f, 0xfe, 0x0, 0x0, 0x0, 0x3f, 0xfc, 0x0,
    0x0, 0x7, 0xff, 0x80, 0x0, 0x0, 0xf, 0xff,
    0x0, 0x0, 0x0, 0x1f, 0xfe, 0x0, 0x0, 0x0,
    0x3f, 0xfc, 0x0, 0x0, 0x0, 0x7f, 0x80, 0x0,
    0x0, 0x0, 0xff, 0x0, 0x0, 0x0, 0x1, 0xfe,
    0x0, 0x0, 0x0, 0x3, 0xfc, 0x0, 0x0, 0x0,
    0x7, 0xf8, 0x0, 0x0, 0x0, 0xf, 0xf0, 0x0,
    0x0, 0x0, 0x1f, 0xe0, 0x0, 0x0, 0x0, 0x3f,
    0xc0, 0x0, 0x0, 0x0, 0x7f, 0xff, 0xff, 0xff,
    0xff, 0xff, 0xff, 0xff, 0xff, 0xff, 0xff, 0xff,
    0xff, 0xff, 0xff, 0xff, 0xff, 0xff, 0xff, 0xff,
    0xff, 0xff, 0xff, 0xff, 0xff, 0xff, 0xff, 0xff,
    0xff, 0xff, 0xff, 0xff, 0xff, 0xff, 0xff, 0xff,
    0xff, 0xff, 0xff, 0x80,

    /* U+005B "[" */
    0xff, 0xff, 0xff, 0xff, 0xff, 0xff, 0xff, 0xff,
    0xff, 0xff, 0xff, 0xff, 0xff, 0xff, 0xff, 0xff,
    0xff, 0xff, 0xff, 0xff, 0xff, 0x0, 0xf, 0xf0,
    0x0, 0xff, 0x0, 0xf, 0xf0, 0x0, 0xff, 0x0,
    0xf, 0xf0, 0x0, 0xff, 0x0, 0xf, 0xf0, 0x0,
    0xff, 0x0, 0xf, 0xf0, 0x0, 0xff, 0x0, 0xf,
    0xf0, 0x0, 0xff, 0x0, 0xf, 0xf0, 0x0, 0xff,
    0x0, 0xf, 0xf0, 0x0, 0xff, 0x0, 0xf, 0xf0,
    0x0, 0xff, 0x0, 0xf, 0xf0, 0x0, 0xff, 0x0,
    0xf, 0xf0, 0x0, 0xff, 0x0, 0xf, 0xf0, 0x0,
    0xff, 0x0, 0xf, 0xf0, 0x0, 0xff, 0x0, 0xf,
    0xf0, 0x0, 0xff, 0x0, 0xf, 0xf0, 0x0, 0xff,
    0x0, 0xf, 0xf0, 0x0, 0xff, 0x0, 0xf, 0xf0,
    0x0, 0xff, 0x0, 0xf, 0xf0, 0x0, 0xff, 0x0,
    0xf, 0xf0, 0x0, 0xff, 0x0, 0xf, 0xf0, 0x0,
    0xff, 0x0, 0xf, 0xf0, 0x0, 0xff, 0x0, 0xf,
    0xf0, 0x0, 0xff, 0x0, 0xf, 0xf0, 0x0, 0xff,
    0x0, 0xf, 0xf0, 0x0, 0xff, 0x0, 0xf, 0xf0,
    0x0, 0xff, 0x0, 0xf, 0xf0, 0x0, 0xff, 0x0,
    0xf, 0xf0, 0x0, 0xff, 0x0, 0xf, 0xf0, 0x0,
    0xff, 0x0, 0xf, 0xf0, 0x0, 0xff, 0x0, 0xf,
    0xf0, 0x0, 0xff, 0x0, 0xf, 0xf0, 0x0, 0xff,
    0xff, 0xff, 0xff, 0xff, 0xff, 0xff, 0xff, 0xff,
    0xff, 0xff, 0xff, 0xff, 0xff, 0xff, 0xff, 0xff,
    0xff, 0xff, 0xff,

    /* U+005C "\\" */
    0xff, 0x0, 0x0, 0x0, 0x1, 0xfe, 0x0, 0x0,
    0x0, 0x3, 0xfc, 0x0, 0x0, 0x0, 0x7, 0xf8,
    0x0, 0x0, 0x0, 0xf, 0xf0, 0x0, 0x0, 0x0,
    0x1f, 0xe0, 0x0, 0x0, 0x0, 0x3f, 0xc0, 0x0,
    0x0, 0x0, 0x7f, 0x80, 0x0, 0x0, 0x0, 0xff,
    0xf0, 0x0, 0x0, 0x1, 0xff, 0xe0, 0x0, 0x0,
    0x3, 0xff, 0xc0, 0x0, 0x0, 0x7, 0xff, 0x80,
    0x0, 0x0, 0x0, 0xff, 0x0, 0x0, 0x0, 0x1,
    0xfe, 0x0, 0x0, 0x0, 0x3, 0xfc, 0x0, 0x0,
    0x0, 0x7, 0xf8, 0x0, 0x0, 0x0, 0xf, 0xff,
    0x0, 0x0, 0x0, 0x1f, 0xfe, 0x0, 0x0, 0x0,
    0x3f, 0xfc, 0x0, 0x0, 0x0, 0x7f, 0xf8, 0x0,
    0x0, 0x0, 0xf, 0xf0, 0x0, 0x0, 0x0, 0x1f,
    0xe0, 0x0, 0x0, 0x0, 0x3f, 0xc0, 0x0, 0x0,
    0x0, 0x7f, 0x80, 0x0, 0x0, 0x0, 0xff, 0xf0,
    0x0, 0x0, 0x1, 0xff, 0xe0, 0x0, 0x0, 0x3,
    0xff, 0xc0, 0x0, 0x0, 0x0, 0x7f, 0x80, 0x0,
    0x0, 0x0, 0xff, 0x0, 0x0, 0x0, 0x1, 0xfe,
    0x0, 0x0, 0x0, 0x3, 0xfc, 0x0, 0x0, 0x0,
    0x7, 0xf8, 0x0, 0x0, 0x0, 0xf, 0xff, 0x0,
    0x0, 0x0, 0x1f, 0xfe, 0x0, 0x0, 0x0, 0x3f,
    0xfc, 0x0, 0x0, 0x0, 0x7, 0xf8, 0x0, 0x0,
    0x0, 0xf, 0xf0, 0x0, 0x0, 0x0, 0x1f, 0xe0,
    0x0, 0x0, 0x0, 0x3f, 0xc0, 0x0, 0x0, 0x0,
    0x7f, 0xf0, 0x0, 0x0, 0x0, 0xff, 0xe0, 0x0,
    0x0, 0x1, 0xff, 0xc0, 0x0, 0x0, 0x3, 0xff,
    0x80, 0x0, 0x0, 0x0, 0x7f, 0x0, 0x0, 0x0,
    0x0, 0xfe, 0x0, 0x0, 0x0, 0x1, 0xfc, 0x0,
    0x0, 0x0, 0x3, 0xf8, 0x0, 0x0, 0x0, 0x7,
    0xff, 0x0, 0x0, 0x0, 0xf, 0xfe, 0x0, 0x0,
    0x0, 0x1f, 0xfc, 0x0, 0x0, 0x0, 0x3f, 0xf8,
    0x0, 0x0, 0x0, 0x7, 0xf0, 0x0, 0x0, 0x0,
    0xf, 0xe0, 0x0, 0x0, 0x0, 0x1f, 0xc0, 0x0,
    0x0, 0x0, 0x3f, 0xf8, 0x0, 0x0, 0x0, 0x7f,
    0xf0, 0x0, 0x0, 0x0, 0xff, 0xe0, 0x0, 0x0,
    0x1, 0xff, 0xc0, 0x0, 0x0, 0x0, 0x7f, 0x80,
    0x0, 0x0, 0x0, 0xff, 0x0, 0x0, 0x0, 0x1,
    0xfe, 0x0, 0x0, 0x0, 0x3, 0xfc, 0x0, 0x0,
    0x0, 0x7, 0xff, 0x80, 0x0, 0x0, 0xf, 0xff,
    0x0, 0x0, 0x0, 0x1f, 0xfe, 0x0, 0x0, 0x0,
    0x3f, 0xfc, 0x0, 0x0, 0x0, 0x7, 0xf8, 0x0,
    0x0, 0x0, 0xf, 0xf0, 0x0, 0x0, 0x0, 0x1f,
    0xe0, 0x0, 0x0, 0x0, 0x3f, 0xc0, 0x0, 0x0,
    0x0, 0x7f, 0x80, 0x0, 0x0, 0x0, 0xff, 0x0,
    0x0, 0x0, 0x1, 0xfe, 0x0, 0x0, 0x0, 0x3,
    0xfc,

    /* U+005D "]" */
    0xff, 0xff, 0xff, 0xff, 0xff, 0xff, 0xff, 0xff,
    0xff, 0xff, 0xff, 0xff, 0xff, 0xff, 0xff, 0xff,
    0xff, 0xff, 0xff, 0xff, 0x0, 0xf, 0xf0, 0x0,
    0xff, 0x0, 0xf, 0xf0, 0x0, 0xff, 0x0, 0xf,
    0xf0, 0x0, 0xff, 0x0, 0xf, 0xf0, 0x0, 0xff,
    0x0, 0xf, 0xf0, 0x0, 0xff, 0x0, 0xf, 0xf0,
    0x0, 0xff, 0x0, 0xf, 0xf0, 0x0, 0xff, 0x0,
    0xf, 0xf0, 0x0, 0xff, 0x0, 0xf, 0xf0, 0x0,
    0xff, 0x0, 0xf, 0xf0, 0x0, 0xff, 0x0, 0xf,
    0xf0, 0x0, 0xff, 0x0, 0xf, 0xf0, 0x0, 0xff,
    0x0, 0xf, 0xf0, 0x0, 0xff, 0x0, 0xf, 0xf0,
    0x0, 0xff, 0x0, 0xf, 0xf0, 0x0, 0xff, 0x0,
    0xf, 0xf0, 0x0, 0xff, 0x0, 0xf, 0xf0, 0x0,
    0xff, 0x0, 0xf, 0xf0, 0x0, 0xff, 0x0, 0xf,
    0xf0, 0x0, 0xff, 0x0, 0xf, 0xf0, 0x0, 0xff,
    0x0, 0xf, 0xf0, 0x0, 0xff, 0x0, 0xf, 0xf0,
    0x0, 0xff, 0x0, 0xf, 0xf0, 0x0, 0xff, 0x0,
    0xf, 0xf0, 0x0, 0xff, 0x0, 0xf, 0xf0, 0x0,
    0xff, 0x0, 0xf, 0xf0, 0x0, 0xff, 0x0, 0xf,
    0xf0, 0x0, 0xff, 0x0, 0xf, 0xf0, 0x0, 0xff,
    0x0, 0xf, 0xf0, 0x0, 0xff, 0x0, 0xf, 0xf0,
    0x0, 0xff, 0x0, 0xf, 0xf0, 0x0, 0xff, 0xff,
    0xff, 0xff, 0xff, 0xff, 0xff, 0xff, 0xff, 0xff,
    0xff, 0xff, 0xff, 0xff, 0xff, 0xff, 0xff, 0xff,
    0xff, 0xff, 0xff,

    /* U+005E "^" */
    0x0, 0x0, 0xff, 0x0, 0x0, 0x0, 0x1, 0xfe,
    0x0, 0x0, 0x0, 0x3, 0xfc, 0x0, 0x0, 0x0,
    0x7, 0xf8, 0x0, 0x0, 0x0, 0xff, 0xff, 0x0,
    0x0, 0x1, 0xff, 0xfe, 0x0, 0x0, 0x3, 0xff,
    0xfc, 0x0, 0x0, 0x7, 0xff, 0xf8, 0x0, 0x0,
    0xff, 0xff, 0xff, 0x0, 0x1, 0xff, 0xff, 0xfe,
    0x0, 0x3, 0xff, 0xff, 0xfc, 0x0, 0x7, 0xff,
    0xff, 0xf8, 0x0, 0xff, 0xf0, 0xf, 0xfe, 0x1,
    0xff, 0xe0, 0x1f, 0xfc, 0x3, 0xff, 0xc0, 0x3f,
    0xf8, 0x7, 0xff, 0x80, 0x7f, 0xf0, 0xff, 0xf0,
    0x0, 0xf, 0xff, 0xff, 0xe0, 0x0, 0x1f, 0xff,
    0xff, 0xc0, 0x0, 0x3f, 0xff, 0xff, 0x80, 0x0,
    0x7f, 0xff, 0xf0, 0x0, 0x0, 0xf, 0xff, 0xe0,
    0x0, 0x0, 0x1f, 0xff, 0xc0, 0x0, 0x0, 0x3f,
    0xff, 0x80, 0x0, 0x0, 0x7f,

    /* U+005F "_" */
    0xff, 0xff, 0xff, 0xff, 0xff, 0xff, 0xff, 0xff,
    0xff, 0xff, 0xff, 0xff, 0xff, 0xff, 0xff, 0xff,
    0xff, 0xff, 0xff, 0xff, 0xff, 0xff, 0xff, 0xff,
    0xff, 0xff, 0xff, 0xff, 0xff, 0xff, 0xff, 0xff,
    0xff, 0xff, 0xff, 0xff, 0xff, 0xff, 0xff,

    /* U+0060 "`" */
    0xff, 0x0, 0xff, 0x0, 0xff, 0x0, 0xff, 0x0,
    0xff, 0xf0, 0xff, 0xf0, 0xff, 0xf0, 0xff, 0xf0,
    0xf, 0xff, 0xf, 0xff, 0xf, 0xff, 0xf, 0xff,
    0x0, 0xff, 0x0, 0xff, 0x0, 0xff, 0x0, 0xff,

    /* U+0061 "a" */
    0xff, 0xff, 0xff, 0xfe, 0x1, 0xff, 0xff, 0xff,
    0xfc, 0x3, 0xff, 0xff, 0xff, 0xf8, 0x7, 0xff,
    0xff, 0xff, 0xf0, 0xf, 0xff, 0xff, 0xff, 0xfe,
    0x1f, 0xff, 0xff, 0xff, 0xfc, 0x3f, 0xff, 0xff,
    0xff, 0xf8, 0x7f, 0xff, 0xff, 0xff, 0xf0, 0x0,
    0x0, 0x0, 0x1f, 0xfe, 0x0, 0x0, 0x0, 0x3f,
    0xfc, 0x0, 0x0, 0x0, 0x7f, 0xf8, 0x0, 0x0,
    0x0, 0xff, 0xf0, 0x0, 0x0, 0x0, 0x1f, 0xe0,
    0x0, 0x0, 0x0, 0x3f, 0xc0, 0x0, 0x0, 0x0,
    0x7f, 0x80, 0x0, 0x0, 0x0, 0xff, 0x0, 0x0,
    0x0, 0x1, 0xfe, 0x0, 0x0, 0x0, 0x3, 0xfc,
    0x0, 0x0, 0x0, 0x7, 0xf8, 0x0, 0x0, 0x0,
    0xf, 0xf0, 0xff, 0xff, 0xff, 0xff, 0xe1, 0xff,
    0xff, 0xff, 0xff, 0xc3, 0xff, 0xff, 0xff, 0xff,
    0x87, 0xff, 0xff, 0xff, 0xff, 0xff, 0xff, 0xff,
    0xff, 0xff, 0xff, 0xff, 0xff, 0xff, 0xff, 0xff,
    0xff, 0xff, 0xff, 0xff, 0xff, 0xff, 0xff, 0xff,
    0xff, 0xf0, 0x0, 0x0, 0x1f, 0xff, 0xe0, 0x0,
    0x0, 0x3f, 0xff, 0xc0, 0x0, 0x0, 0x7f, 0xff,
    0x80, 0x0, 0x0, 0xff, 0xff, 0x0, 0x0, 0x1,
    0xff, 0xfe, 0x0, 0x0, 0x3, 0xff, 0xfc, 0x0,
    0x0, 0x7, 0xff, 0xf8, 0x0, 0x0, 0xf, 0xff,
    0xf0, 0x0, 0x0, 0x1f, 0xff, 0xe0, 0x0, 0x0,
    0x3f, 0xff, 0xc0, 0x0, 0x0, 0x7f, 0xff, 0xff,
    0xff, 0xff, 0xff, 0xff, 0xff, 0xff, 0xff, 0xff,
    0xff, 0xff, 0xff, 0xff, 0xff, 0xff, 0xff, 0xff,
    0xff, 0xf8, 0x7f, 0xff, 0xff, 0xff, 0xf0, 0xff,
    0xff, 0xff, 0xff, 0xe1, 0xff, 0xff, 0xff, 0xff,
    0xc3, 0xff, 0xff, 0xff, 0xff, 0x80,

    /* U+0062 "b" */
    0xff, 0x0, 0x0, 0x0, 0x1, 0xfe, 0x0, 0x0,
    0x0, 0x3, 0xfc, 0x0, 0x0, 0x0, 0x7, 0xf8,
    0x0, 0x0, 0x0, 0xf, 0xf0, 0x0, 0x0, 0x0,
    0x1f, 0xe0, 0x0, 0x0, 0x0, 0x3f, 0xc0, 0x0,
    0x0, 0x0, 0x7f, 0x80, 0x0, 0x0, 0x0, 0xff,
    0x0, 0x0, 0x0, 0x1, 0xfe, 0x0, 0x0, 0x0,
    0x3, 0xfc, 0x0, 0x0, 0x0, 0x7, 0xf8, 0x0,
    0x0, 0x0, 0xf, 0xf0, 0x0, 0x0, 0x0, 0x1f,
    0xe0, 0x0, 0x0, 0x0, 0x3f, 0xc0, 0x0, 0x0,
    0x0, 0x7f, 0x80, 0x0, 0x0, 0x0, 0xff, 0xff,
    0xff, 0xfe, 0x1, 0xff, 0xff, 0xff, 0xfc, 0x3,
    0xff, 0xff, 0xff, 0xf8, 0x7, 0xff, 0xff, 0xff,
    0xf0, 0xf, 0xff, 0xff, 0xff, 0xfe, 0x1f, 0xff,
    0xff, 0xff, 0xfc, 0x3f, 0xff, 0xff, 0xff, 0xf8,
    0x7f, 0xff, 0xff, 0xff, 0xf0, 0xff, 0x0, 0x0,
    0x1f, 0xff, 0xfe, 0x0, 0x0, 0x3f, 0xff, 0xfc,
    0x0, 0x0, 0x7f, 0xff, 0xf8, 0x0, 0x0, 0xff,
    0xff, 0xf0, 0x0, 0x0, 0x1f, 0xff, 0xe0, 0x0,
    0x0, 0x3f, 0xff, 0xc0, 0x0, 0x0, 0x7f, 0xff,
    0x80, 0x0, 0x0, 0xff, 0xff, 0x0, 0x0, 0x1,
    0xff, 0xfe, 0x0, 0x0, 0x3, 0xff, 0xfc, 0x0,
    0x0, 0x7, 0xff, 0xf8, 0x0, 0x0, 0xf, 0xff,
    0xf0, 0x0, 0x0, 0x1f, 0xff, 0xe0, 0x0, 0x0,
    0x3f, 0xff, 0xc0, 0x0, 0x0, 0x7f, 0xff, 0x80,
    0x0, 0x0, 0xff, 0xff, 0x0, 0x0, 0x1, 0xff,
    0xfe, 0x0, 0x0, 0x3, 0xff, 0xfc, 0x0, 0x0,
    0x7, 0xff, 0xf8, 0x0, 0x0, 0xf, 0xff, 0xf0,
    0x0, 0x0, 0x1f, 0xff, 0xe0, 0x0, 0x0, 0x3f,
    0xff, 0xc0, 0x0, 0x0, 0x7f, 0xff, 0x80, 0x0,
    0x0, 0xff, 0xff, 0x0, 0x0, 0x1, 0xff, 0xfe,
    0x0, 0x0, 0x3, 0xff, 0xfc, 0x0, 0x0, 0x7,
    0xff, 0xf8, 0x0, 0x0, 0xff, 0xff, 0xf0, 0x0,
    0x1, 0xff, 0xff, 0xe0, 0x0, 0x3, 0xff, 0xff,
    0xc0, 0x0, 0x7, 0xff, 0xff, 0xff, 0xff, 0xff,
    0xf0, 0xff, 0xff, 0xff, 0xff, 0xe1, 0xff, 0xff,
    0xff, 0xff, 0xc3, 0xff, 0xff, 0xff, 0xff, 0x87,
    0xff, 0xff, 0xff, 0xf0, 0xf, 0xff, 0xff, 0xff,
    0xe0, 0x1f, 0xff, 0xff, 0xff, 0xc0, 0x3f, 0xff,
    0xff, 0xff, 0x80, 0x0,

    /* U+0063 "c" */
    0x0, 0xff, 0xff, 0xff, 0x0, 0x1, 0xff, 0xff,
    0xfe, 0x0, 0x3, 0xff, 0xff, 0xfc, 0x0, 0x7,
    0xff, 0xff, 0xf8, 0x0, 0xff, 0xff, 0xff, 0xfe,
    0x1, 0xff, 0xff, 0xff, 0xfc, 0x3, 0xff, 0xff,
    0xff, 0xf8, 0x7, 0xff, 0xff, 0xff, 0xf0, 0xff,
    0xf0, 0x0, 0xf, 0xff, 0xff, 0xe0, 0x0, 0x1f,
    0xff, 0xff, 0xc0, 0x0, 0x3f, 0xff, 0xff, 0x80,
    0x0, 0x7f, 0xff, 0xf0, 0x0, 0x0, 0xf, 0xff,
    0xe0, 0x0, 0x0, 0x1f, 0xff, 0xc0, 0x0, 0x0,
    0x3f, 0xff, 0x80, 0x0, 0x0, 0x7f, 0xff, 0x0,
    0x0, 0x0, 0x1, 0xfe, 0x0, 0x0, 0x0, 0x3,
    0xfc, 0x0, 0x0, 0x0, 0x7, 0xf8, 0x0, 0x0,
    0x0, 0xf, 0xf0, 0x0, 0x0, 0x0, 0x1f, 0xe0,
    0x0, 0x0, 0x0, 0x3f, 0xc0, 0x0, 0x0, 0x0,
    0x7f, 0x80, 0x0, 0x0, 0x0, 0xff, 0x0, 0x0,
    0x0, 0x1, 0xfe, 0x0, 0x0, 0x0, 0x3, 0xfc,
    0x0, 0x0, 0x0, 0x7, 0xf8, 0x0, 0x0, 0x0,
    0xf, 0xf0, 0x0, 0x0, 0x0, 0x1f, 0xe0, 0x0,
    0x0, 0x0, 0x3f, 0xc0, 0x0, 0x0, 0x0, 0x7f,
    0x80, 0x0, 0x0, 0x7f, 0xff, 0x0, 0x0, 0x0,
    0xff, 0xfe, 0x0, 0x0, 0x1, 0xff, 0xfc, 0x0,
    0x0, 0x3, 0xff, 0xff, 0x80, 0x0, 0x7f, 0xff,
    0xff, 0x0, 0x0, 0xff, 0xff, 0xfe, 0x0, 0x1,
    0xff, 0xff, 0xfc, 0x0, 0x3, 0xff, 0x87, 0xff,
    0xff, 0xff, 0xf0, 0xf, 0xff, 0xff, 0xff, 0xe0,
    0x1f, 0xff, 0xff, 0xff, 0xc0, 0x3f, 0xff, 0xff,
    0xff, 0x80, 0x7, 0xff, 0xff, 0xf8, 0x0, 0xf,
    0xff, 0xff, 0xf0, 0x0, 0x1f, 0xff, 0xff, 0xe0,
    0x0, 0x3f, 0xff, 0xff, 0xc0, 0x0,

    /* U+0064 "d" */
    0x0, 0x0, 0x0, 0x1, 0xfe, 0x0, 0x0, 0x0,
    0x3, 0xfc, 0x0, 0x0, 0x0, 0x7, 0xf8, 0x0,
    0x0, 0x0, 0xf, 0xf0, 0x0, 0x0, 0x0, 0x1f,
    0xe0, 0x0, 0x0, 0x0, 0x3f, 0xc0, 0x0, 0x0,
    0x0, 0x7f, 0x80, 0x0, 0x0, 0x0, 0xff, 0x0,
    0x0, 0x0, 0x1, 0xfe, 0x0, 0x0, 0x0, 0x3,
    0xfc, 0x0, 0x0, 0x0, 0x7, 0xf8, 0x0, 0x0,
    0x0, 0xf, 0xf0, 0x0, 0x0, 0x0, 0x1f, 0xe0,
    0x0, 0x0, 0x0, 0x3f, 0xc0, 0x0, 0x0, 0x0,
    0x7f, 0x80, 0x0, 0x0, 0x0, 0xff, 0x0, 0xff,
    0xff, 0xff, 0xfe, 0x1, 0xff, 0xff, 0xff, 0xfc,
    0x3, 0xff, 0xff, 0xff, 0xf8, 0x7, 0xff, 0xff,
    0xff, 0xf0, 0xff, 0xff, 0xff, 0xff, 0xe1, 0xff,
    0xff, 0xff, 0xff, 0xc3, 0xff, 0xff, 0xff, 0xff,
    0x87, 0xff, 0xff, 0xff, 0xff, 0xff, 0xf0, 0x0,
    0x1, 0xff, 0xff, 0xe0, 0x0, 0x3, 0xff, 0xff,
    0xc0, 0x0, 0x7, 0xff, 0xff, 0x80, 0x0, 0xf,
    0xff, 0xf0, 0x0, 0x0, 0x1f, 0xff, 0xe0, 0x0,
    0x0, 0x3f, 0xff, 0xc0, 0x0, 0x0, 0x7f, 0xff,
    0x80, 0x0, 0x0, 0xff, 0xff, 0x0, 0x0, 0x1,
    0xff, 0xfe, 0x0, 0x0, 0x3, 0xff, 0xfc, 0x0,
    0x0, 0x7, 0xff, 0xf8, 0x0, 0x0, 0xf, 0xff,
    0xf0, 0x0, 0x0, 0x1f, 0xff, 0xe0, 0x0, 0x0,
    0x3f, 0xff, 0xc0, 0x0, 0x0, 0x7f, 0xff, 0x80,
    0x0, 0x0, 0xff, 0xff, 0x0, 0x0, 0x1, 0xff,
    0xfe, 0x0, 0x0, 0x3, 0xff, 0xfc, 0x0, 0x0,
    0x7, 0xff, 0xf8, 0x0, 0x0, 0xf, 0xff, 0xf0,
    0x0, 0x0, 0x1f, 0xff, 0xe0, 0x0, 0x0, 0x3f,
    0xff, 0xc0, 0x0, 0x0, 0x7f, 0xff, 0x80, 0x0,
    0x0, 0xff, 0xff, 0x0, 0x0, 0x1, 0xff, 0xfe,
    0x0, 0x0, 0x3, 0xff, 0xfc, 0x0, 0x0, 0x7,
    0xff, 0xff, 0x80, 0x0, 0xf, 0xff, 0xff, 0x0,
    0x0, 0x1f, 0xff, 0xfe, 0x0, 0x0, 0x3f, 0xff,
    0xfc, 0x0, 0x0, 0x7f, 0x87, 0xff, 0xff, 0xff,
    0xff, 0xf, 0xff, 0xff, 0xff, 0xfe, 0x1f, 0xff,
    0xff, 0xff, 0xfc, 0x3f, 0xff, 0xff, 0xff, 0xf8,
    0x7, 0xff, 0xff, 0xff, 0xf0, 0xf, 0xff, 0xff,
    0xff, 0xe0, 0x1f, 0xff, 0xff, 0xff, 0xc0, 0x3f,
    0xff, 0xff, 0xff, 0x80,

    /* U+0065 "e" */
    0x0, 0xff, 0xff, 0xff, 0x0, 0x1, 0xff, 0xff,
    0xfe, 0x0, 0x3, 0xff, 0xff, 0xfc, 0x0, 0x7,
    0xff, 0xff, 0xf8, 0x0, 0xff, 0xff, 0xff, 0xfe,
    0x1, 0xff, 0xff, 0xff, 0xfc, 0x3, 0xff, 0xff,
    0xff, 0xf8, 0x7, 0xff, 0xff, 0xff, 0xf0, 0xff,
    0xf0, 0x0, 0xf, 0xff, 0xff, 0xe0, 0x0, 0x1f,
    0xff, 0xff, 0xc0, 0x0, 0x3f, 0xff, 0xff, 0x80,
    0x0, 0x7f, 0xff, 0xf0, 0x0, 0x0, 0xf, 0xff,
    0xe0, 0x0, 0x0, 0x1f, 0xff, 0xc0, 0x0, 0x0,
    0x3f, 0xff, 0x80, 0x0, 0x0, 0x7f, 0xff, 0x0,
    0x0, 0x0, 0xff, 0xfe, 0x0, 0x0, 0x1, 0xff,
    0xfc, 0x0, 0x0, 0x3, 0xff, 0xf8, 0x0, 0x0,
    0x7, 0xff, 0xff, 0xff, 0xff, 0xff, 0xff, 0xff,
    0xff, 0xff, 0xff, 0xff, 0xff, 0xff, 0xff, 0xff,
    0xff, 0xff, 0xff, 0xff, 0xff, 0xff, 0xff, 0xff,
    0xff, 0xff, 0xff, 0xff, 0xff, 0xff, 0xff, 0xff,
    0xff, 0xff, 0xff, 0xff, 0xff, 0xff, 0xff, 0xff,
    0xff, 0xf0, 0x0, 0x0, 0x0, 0x1f, 0xe0, 0x0,
    0x0, 0x0, 0x3f, 0xc0, 0x0, 0x0, 0x0, 0x7f,
    0x80, 0x0, 0x0, 0x0, 0xff, 0x0, 0x0, 0x0,
    0x1, 0xfe, 0x0, 0x0, 0x0, 0x3, 0xfc, 0x0,
    0x0, 0x0, 0x7, 0xff, 0x80, 0x0, 0x0, 0xf,
    0xff, 0x0, 0x0, 0x0, 0x1f, 0xfe, 0x0, 0x0,
    0x0, 0x3f, 0xfc, 0x0, 0x0, 0x0, 0x7, 0xff,
    0xff, 0xff, 0xff, 0xf, 0xff, 0xff, 0xff, 0xfe,
    0x1f, 0xff, 0xff, 0xff, 0xfc, 0x3f, 0xff, 0xff,
    0xff, 0xf8, 0x7, 0xff, 0xff, 0xff, 0xf0, 0xf,
    0xff, 0xff, 0xff, 0xe0, 0x1f, 0xff, 0xff, 0xff,
    0xc0, 0x3f, 0xff, 0xff, 0xff, 0x80,

    /* U+0066 "f" */
    0x0, 0x0, 0x0, 0xff, 0xfe, 0x0, 0x0, 0x1,
    0xff, 0xfc, 0x0, 0x0, 0x3, 0xff, 0xf8, 0x0,
    0x0, 0x7, 0xff, 0xf0, 0x0, 0x0, 0xff, 0xff,
    0xe0, 0x0, 0x1, 0xff, 0xff, 0xc0, 0x0, 0x3,
    0xff, 0xff, 0x80, 0x0, 0x7, 0xff, 0xff, 0x0,
    0x0, 0xff, 0xf0, 0x0, 0x0, 0x1, 0xff, 0xe0,
    0x0, 0x0, 0x3, 0xff, 0xc0, 0x0, 0x0, 0x7,
    0xff, 0x80, 0x0, 0x0, 0xf, 0xf0, 0x0, 0x0,
    0x0, 0x1f, 0xe0, 0x0, 0x0, 0x0, 0x3f, 0xc0,
    0x0, 0x0, 0x0, 0x7f, 0x80, 0x0, 0x0, 0x0,
    0xff, 0x0, 0x0, 0x0, 0x1, 0xfe, 0x0, 0x0,
    0x0, 0x3, 0xfc, 0x0, 0x0, 0x0, 0x7, 0xf8,
    0x0, 0xf, 0xff, 0xff, 0xff, 0xff, 0xff, 0xff,
    0xff, 0xff, 0xff, 0xff, 0xff, 0xff, 0xff, 0xff,
    0xff, 0xff, 0xff, 0xff, 0xff, 0xff, 0xff, 0xff,
    0xff, 0xff, 0xff, 0xff, 0xff, 0xff, 0xff, 0xff,
    0xff, 0xff, 0xff, 0xff, 0xff, 0xff, 0xff, 0xff,
    0xf0, 0x0, 0xf, 0xf0, 0x0, 0x0, 0x0, 0x1f,
    0xe0, 0x0, 0x0, 0x0, 0x3f, 0xc0, 0x0, 0x0,
    0x0, 0x7f, 0x80, 0x0, 0x0, 0x0, 0xff, 0x0,
    0x0, 0x0, 0x1, 0xfe, 0x0, 0x0, 0x0, 0x3,
    0xfc, 0x0, 0x0, 0x0, 0x7, 0xf8, 0x0, 0x0,
    0x0, 0xf, 0xf0, 0x0, 0x0, 0x0, 0x1f, 0xe0,
    0x0, 0x0, 0x0, 0x3f, 0xc0, 0x0, 0x0, 0x0,
    0x7f, 0x80, 0x0, 0x0, 0x0, 0xff, 0x0, 0x0,
    0x0, 0x1, 0xfe, 0x0, 0x0, 0x0, 0x3, 0xfc,
    0x0, 0x0, 0x0, 0x7, 0xf8, 0x0, 0x0, 0x0,
    0xf, 0xf0, 0x0, 0x0, 0x0, 0x1f, 0xe0, 0x0,
    0x0, 0x0, 0x3f, 0xc0, 0x0, 0x0, 0x0, 0x7f,
    0x80, 0x0, 0x0, 0x0, 0xff, 0x0, 0x0, 0x0,
    0x1, 0xfe, 0x0, 0x0, 0x0, 0x3, 0xfc, 0x0,
    0x0, 0x0, 0x7, 0xf8, 0x0, 0x0, 0x0, 0xf,
    0xf0, 0x0, 0x0, 0x0, 0x1f, 0xe0, 0x0, 0x0,
    0x0, 0x3f, 0xc0, 0x0, 0x0, 0x0, 0x7f, 0x80,
    0x0, 0x0, 0x0, 0xff, 0x0, 0x0, 0x0, 0x1,
    0xfe, 0x0, 0x0, 0x0, 0x3, 0xfc, 0x0, 0x0,
    0x0, 0x7, 0xf8, 0x0, 0x0, 0x0, 0xf, 0xf0,
    0x0, 0x0, 0x0, 0x1f, 0xe0, 0x0, 0x0, 0x0,
    0x3f, 0xc0, 0x0, 0x0,

    /* U+0067 "g" */
    0x0, 0xff, 0xff, 0xff, 0xfe, 0x1, 0xff, 0xff,
    0xff, 0xfc, 0x3, 0xff, 0xff, 0xff, 0xf8, 0x7,
    0xff, 0xff, 0xff, 0xf0, 0xff, 0xff, 0xff, 0xff,
    0xe1, 0xff, 0xff, 0xff, 0xff, 0xc3, 0xff, 0xff,
    0xff, 0xff, 0x87, 0xff, 0xff, 0xff, 0xff, 0xff,
    0xf0, 0x0, 0x1, 0xff, 0xff, 0xe0, 0x0, 0x3,
    0xff, 0xff, 0xc0, 0x0, 0x7, 0xff, 0xff, 0x80,
    0x0, 0xf, 0xff, 0xf0, 0x0, 0x0, 0x1f, 0xff,
    0xe0, 0x0, 0x0, 0x3f, 0xff, 0xc0, 0x0, 0x0,
    0x7f, 0xff, 0x80, 0x0, 0x0, 0xff, 0xff, 0x0,
    0x0, 0x1, 0xff, 0xfe, 0x0, 0x0, 0x3, 0xff,
    0xfc, 0x0, 0x0, 0x7, 0xff, 0xf8, 0x0, 0x0,
    0xf, 0xff, 0xf0, 0x0, 0x0, 0x1f, 0xff, 0xe0,
    0x0, 0x0, 0x3f, 0xff, 0xc0, 0x0, 0x0, 0x7f,
    0xff, 0x80, 0x0, 0x0, 0xff, 0xff, 0x0, 0x0,
    0x1, 0xff, 0xfe, 0x0, 0x0, 0x3, 0xff, 0xfc,
    0x0, 0x0, 0x7, 0xff, 0xf8, 0x0, 0x0, 0xf,
    0xff, 0xf0, 0x0, 0x0, 0x1f, 0xff, 0xe0, 0x0,
    0x0, 0x3f, 0xff, 0xc0, 0x0, 0x0, 0x7f, 0xff,
    0xf8, 0x0, 0x0, 0xff, 0xff, 0xf0, 0x0, 0x1,
    0xff, 0xff, 0xe0, 0x0, 0x3, 0xff, 0xff, 0xc0,
    0x0, 0x7, 0xf8, 0x7f, 0x80, 0x0, 0xf, 0xf0,
    0xff, 0xff, 0xff, 0xff, 0xe1, 0xff, 0xff, 0xff,
    0xff, 0xc3, 0xff, 0xff, 0xff, 0xff, 0x80, 0x7f,
    0xff, 0xff, 0xff, 0x0, 0xff, 0xff, 0xff, 0xfe,
    0x1, 0xff, 0xff, 0xff, 0xfc, 0x3, 0xff, 0xff,
    0xff, 0xf8, 0x7, 0xff, 0xff, 0xff, 0xf0, 0x0,
    0x0, 0x0, 0x1f, 0xe0, 0x0, 0x0, 0x0, 0x3f,
    0xc0, 0x0, 0x0, 0x0, 0x7f, 0x80, 0x0, 0x0,
    0x0, 0xff, 0x0, 0x0, 0x0, 0x1, 0xfe, 0x0,
    0x0, 0x0, 0x3, 0xfc, 0x0, 0x0, 0x0, 0x7,
    0xf8, 0x0, 0x0, 0x0, 0xff, 0xf0, 0x0, 0x0,
    0x1, 0xff, 0xe0, 0x0, 0x0, 0x3, 0xff, 0xc0,
    0x0, 0x0, 0x7, 0xff, 0xff, 0xff, 0xff, 0xff,
    0xf0, 0xff, 0xff, 0xff, 0xff, 0xe1, 0xff, 0xff,
    0xff, 0xff, 0xc3, 0xff, 0xff, 0xff, 0xff, 0x87,
    0xff, 0xff, 0xff, 0xf0, 0xf, 0xff, 0xff, 0xff,
    0xe0, 0x1f, 0xff, 0xff, 0xff, 0xc0, 0x3f, 0xff,
    0xff, 0xff, 0x80, 0x0,

    /* U+0068 "h" */
    0xff, 0x0, 0x0, 0x0, 0x1, 0xfe, 0x0, 0x0,
    0x0, 0x3, 0xfc, 0x0, 0x0, 0x0, 0x7, 0xf8,
    0x0, 0x0, 0x0, 0xf, 0xf0, 0x0, 0x0, 0x0,
    0x1f, 0xe0, 0x0, 0x0, 0x0, 0x3f, 0xc0, 0x0,
    0x0, 0x0, 0x7f, 0x80, 0x0, 0x0, 0x0, 0xff,
    0x0, 0x0, 0x0, 0x1, 0xfe, 0x0, 0x0, 0x0,
    0x3, 0xfc, 0x0, 0x0, 0x0, 0x7, 0xf8, 0x0,
    0x0, 0x0, 0xf, 0xf0, 0x0, 0x0, 0x0, 0x1f,
    0xe0, 0x0, 0x0, 0x0, 0x3f, 0xc0, 0x0, 0x0,
    0x0, 0x7f, 0x80, 0x0, 0x0, 0x0, 0xff, 0xff,
    0xff, 0xfe, 0x1, 0xff, 0xff, 0xff, 0xfc, 0x3,
    0xff, 0xff, 0xff, 0xf8, 0x7, 0xff, 0xff, 0xff,
    0xf0, 0xf, 0xff, 0xff, 0xff, 0xfe, 0x1f, 0xff,
    0xff, 0xff, 0xfc, 0x3f, 0xff, 0xff, 0xff, 0xf8,
    0x7f, 0xff, 0xff, 0xff, 0xf0, 0xff, 0x0, 0x0,
    0x1f, 0xff, 0xfe, 0x0, 0x0, 0x3f, 0xff, 0xfc,
    0x0, 0x0, 0x7f, 0xff, 0xf8, 0x0, 0x0, 0xff,
    0xff, 0xf0, 0x0, 0x0, 0x1f, 0xff, 0xe0, 0x0,
    0x0, 0x3f, 0xff, 0xc0, 0x0, 0x0, 0x7f, 0xff,
    0x80, 0x0, 0x0, 0xff, 0xff, 0x0, 0x0, 0x1,
    0xff, 0xfe, 0x0, 0x0, 0x3, 0xff, 0xfc, 0x0,
    0x0, 0x7, 0xff, 0xf8, 0x0, 0x0, 0xf, 0xff,
    0xf0, 0x0, 0x0, 0x1f, 0xff, 0xe0, 0x0, 0x0,
    0x3f, 0xff, 0xc0, 0x0, 0x0, 0x7f, 0xff, 0x80,
    0x0, 0x0, 0xff, 0xff, 0x0, 0x0, 0x1, 0xff,
    0xfe, 0x0, 0x0, 0x3, 0xff, 0xfc, 0x0, 0x0,
    0x7, 0xff, 0xf8, 0x0, 0x0, 0xf, 0xff, 0xf0,
    0x0, 0x0, 0x1f, 0xff, 0xe0, 0x0, 0x0, 0x3f,
    0xff, 0xc0, 0x0, 0x0, 0x7f, 0xff, 0x80, 0x0,
    0x0, 0xff, 0xff, 0x0, 0x0, 0x1, 0xff, 0xfe,
    0x0, 0x0, 0x3, 0xff, 0xfc, 0x0, 0x0, 0x7,
    0xff, 0xf8, 0x0, 0x0, 0xf, 0xff, 0xf0, 0x0,
    0x0, 0x1f, 0xff, 0xe0, 0x0, 0x0, 0x3f, 0xff,
    0xc0, 0x0, 0x0, 0x7f, 0xff, 0x80, 0x0, 0x0,
    0xff, 0xff, 0x0, 0x0, 0x1, 0xff, 0xfe, 0x0,
    0x0, 0x3, 0xff, 0xfc, 0x0, 0x0, 0x7, 0xff,
    0xf8, 0x0, 0x0, 0xf, 0xff, 0xf0, 0x0, 0x0,
    0x1f, 0xff, 0xe0, 0x0, 0x0, 0x3f, 0xff, 0xc0,
    0x0, 0x0, 0x7f, 0x80,

    /* U+0069 "i" */
    0x0, 0xf, 0xf0, 0x0, 0x0, 0x1f, 0xe0, 0x0,
    0x0, 0x3f, 0xc0, 0x0, 0x0, 0x7f, 0x80, 0x0,
    0x0, 0xff, 0x0, 0x0, 0x1, 0xfe, 0x0, 0x0,
    0x3, 0xfc, 0x0, 0x0, 0x7, 0xf8, 0x0, 0x0,
    0x0, 0x0, 0x0, 0x0, 0x0, 0x0, 0x0, 0x0,
    0x0, 0x0, 0x0, 0x0, 0x0, 0x0, 0x0, 0x0,
    0x0, 0x0, 0x0, 0x0, 0x0, 0x0, 0x0, 0x0,
    0x0, 0x0, 0x0, 0x0, 0x0, 0x0, 0xff, 0xff,
    0xf0, 0x1, 0xff, 0xff, 0xe0, 0x3, 0xff, 0xff,
    0xc0, 0x7, 0xff, 0xff, 0x80, 0xf, 0xff, 0xff,
    0x0, 0x1f, 0xff, 0xfe, 0x0, 0x3f, 0xff, 0xfc,
    0x0, 0x7f, 0xff, 0xf8, 0x0, 0x0, 0xf, 0xf0,
    0x0, 0x0, 0x1f, 0xe0, 0x0, 0x0, 0x3f, 0xc0,
    0x0, 0x0, 0x7f, 0x80, 0x0, 0x0, 0xff, 0x0,
    0x0, 0x1, 0xfe, 0x0, 0x0, 0x3, 0xfc, 0x0,
    0x0, 0x7, 0xf8, 0x0, 0x0, 0xf, 0xf0, 0x0,
    0x0, 0x1f, 0xe0, 0x0, 0x0, 0x3f, 0xc0, 0x0,
    0x0, 0x7f, 0x80, 0x0, 0x0, 0xff, 0x0, 0x0,
    0x1, 0xfe, 0x0, 0x0, 0x3, 0xfc, 0x0, 0x0,
    0x7, 0xf8, 0x0, 0x0, 0xf, 0xf0, 0x0, 0x0,
    0x1f, 0xe0, 0x0, 0x0, 0x3f, 0xc0, 0x0, 0x0,
    0x7f, 0x80, 0x0, 0x0, 0xff, 0x0, 0x0, 0x1,
    0xfe, 0x0, 0x0, 0x3, 0xfc, 0x0, 0x0, 0x7,
    0xf8, 0x0, 0x0, 0xf, 0xf0, 0x0, 0x0, 0x1f,
    0xe0, 0x0, 0x0, 0x3f, 0xc0, 0x0, 0x0, 0x7f,
    0x80, 0x0, 0x0, 0xff, 0x0, 0x0, 0x1, 0xfe,
    0x0, 0x0, 0x3, 0xfc, 0x0, 0x7f, 0xff, 0xff,
    0xff, 0xff, 0xff, 0xff, 0xff, 0xff, 0xff, 0xff,
    0xff, 0xff, 0xff, 0xff, 0xff, 0xff, 0xff, 0xff,
    0xff, 0xff, 0xff, 0xff, 0xff, 0xff, 0xff, 0xff,
    0xff, 0xff, 0xff, 0xff, 0x80,

    /* U+006A "j" */
    0x0, 0x0, 0x0, 0xfe, 0x0, 0x0, 0x1, 0xfc,
    0x0, 0x0, 0x3, 0xf8, 0x0, 0x0, 0x7, 0xf0,
    0x0, 0x0, 0xf, 0xe0, 0x0, 0x0, 0x1f, 0xc0,
    0x0, 0x0, 0x3f, 0x80, 0x0, 0x0, 0x7f, 0x0,
    0x0, 0x0, 0x0, 0x0, 0x0, 0x0, 0x0, 0x0,
    0x0, 0x0, 0x0, 0x0, 0x0, 0x0, 0x0, 0x0,
    0x0, 0x0, 0x0, 0x0, 0x0, 0x0, 0x0, 0x0,
    0x0, 0x0, 0x0, 0x0, 0x0, 0x0, 0x0, 0xf,
    0xff, 0xfe, 0x0, 0x1f, 0xff, 0xfc, 0x0, 0x3f,
    0xff, 0xf8, 0x0, 0x7f, 0xff, 0xf0, 0x0, 0xff,
    0xff, 0xe0, 0x1, 0xff, 0xff, 0xc0, 0x3, 0xff,
    0xff, 0x80, 0x7, 0xff, 0xff, 0x0, 0x0, 0x0,
    0xfe, 0x0, 0x0, 0x1, 0xfc, 0x0, 0x0, 0x3,
    0xf8, 0x0, 0x0, 0x7, 0xf0, 0x0, 0x0, 0xf,
    0xe0, 0x0, 0x0, 0x1f, 0xc0, 0x0, 0x0, 0x3f,
    0x80, 0x0, 0x0, 0x7f, 0x0, 0x0, 0x0, 0xfe,
    0x0, 0x0, 0x1, 0xfc, 0x0, 0x0, 0x3, 0xf8,
    0x0, 0x0, 0x7, 0xf0, 0x0, 0x0, 0xf, 0xe0,
    0x0, 0x0, 0x1f, 0xc0, 0x0, 0x0, 0x3f, 0x80,
    0x0, 0x0, 0x7f, 0x0, 0x0, 0x0, 0xfe, 0x0,
    0x0, 0x1, 0xfc, 0x0, 0x0, 0x3, 0xf8, 0x0,
    0x0, 0x7, 0xf0, 0x0, 0x0, 0xf, 0xe0, 0x0,
    0x0, 0x1f, 0xc0, 0x0, 0x0, 0x3f, 0x80, 0x0,
    0x0, 0x7f, 0x0, 0x0, 0x0, 0xfe, 0x0, 0x0,
    0x1, 0xfc, 0x0, 0x0, 0x3, 0xf8, 0x0, 0x0,
    0x7, 0xf0, 0x0, 0x0, 0xf, 0xe0, 0x0, 0x0,
    0x1f, 0xc0, 0x0, 0x0, 0x3f, 0x80, 0x0, 0x0,
    0x7f, 0x0, 0x0, 0x0, 0xfe, 0x0, 0x0, 0x1,
    0xfc, 0x0, 0x0, 0x3, 0xf8, 0x0, 0x0, 0x7,
    0xf0, 0x0, 0x0, 0xf, 0xe0, 0x0, 0x0, 0x1f,
    0xc0, 0x0, 0x0, 0x3f, 0x80, 0x0, 0x0, 0x7f,
    0x0, 0x0, 0x0, 0xfe, 0x0, 0x0, 0x1, 0xfc,
    0x0, 0x0, 0x3, 0xf8, 0x0, 0x0, 0x7f, 0xf0,
    0x0, 0x0, 0xff, 0xe0, 0x0, 0x1, 0xff, 0xc0,
    0x0, 0x3, 0xff, 0xff, 0xff, 0xff, 0xf8, 0xff,
    0xff, 0xff, 0xf1, 0xff, 0xff, 0xff, 0xe3, 0xff,
    0xff, 0xff, 0xc7, 0xff, 0xff, 0xf8, 0xf, 0xff,
    0xff, 0xf0, 0x1f, 0xff, 0xff, 0xe0, 0x3f, 0xff,
    0xff, 0xc0, 0x0,

    /* U+006B "k" */
    0xff, 0x0, 0x0, 0x0, 0x1, 0xfe, 0x0, 0x0,
    0x0, 0x3, 0xfc, 0x0, 0x0, 0x0, 0x7, 0xf8,
    0x0, 0x0, 0x0, 0xf, 0xf0, 0x0, 0x0, 0x0,
    0x1f, 0xe0, 0x0, 0x0, 0x0, 0x3f, 0xc0, 0x0,
    0x0, 0x0, 0x7f, 0x80, 0x0, 0x0, 0x0, 0xff,
    0x0, 0x0, 0x0, 0x1, 0xfe, 0x0, 0x0, 0x0,
    0x3, 0xfc, 0x0, 0x0, 0x0, 0x7, 0xf8, 0x0,
    0x0, 0x0, 0xf, 0xf0, 0x0, 0x0, 0x0, 0x1f,
    0xe0, 0x0, 0x0, 0x0, 0x3f, 0xc0, 0x0, 0x0,
    0x0, 0x7f, 0x80, 0x0, 0x0, 0x0, 0xff, 0x0,
    0x0, 0x1, 0xff, 0xfe, 0x0, 0x0, 0x3, 0xff,
    0xfc, 0x0, 0x0, 0x7, 0xff, 0xf8, 0x0, 0x0,
    0xf, 0xff, 0xf0, 0x0, 0x0, 0xff, 0xff, 0xe0,
    0x0, 0x1, 0xff, 0xff, 0xc0, 0x0, 0x3, 0xff,
    0xff, 0x80, 0x0, 0x7, 0xff, 0xff, 0x0, 0x0,
    0xff, 0xe1, 0xfe, 0x0, 0x1, 0xff, 0xc3, 0xfc,
    0x0, 0x3, 0xff, 0x87, 0xf8, 0x0, 0x7, 0xff,
    0xf, 0xf0, 0x1, 0xff, 0xe0, 0x1f, 0xe0, 0x3,
    0xff, 0xc0, 0x3f, 0xc0, 0x7, 0xff, 0x80, 0x7f,
    0x80, 0xf, 0xff, 0x0, 0xff, 0x0, 0xff, 0xf0,
    0x1, 0xfe, 0x1, 0xff, 0xe0, 0x3, 0xfc, 0x3,
    0xff, 0xc0, 0x7, 0xf8, 0x7f, 0xf8, 0x0, 0xf,
    0xf0, 0xff, 0xf0, 0x0, 0x1f, 0xe1, 0xff, 0xe0,
    0x0, 0x3f, 0xc3, 0xff, 0xc0, 0x0, 0x7f, 0xff,
    0xff, 0xf8, 0x0, 0xff, 0xff, 0xff, 0xf0, 0x1,
    0xff, 0xff, 0xff, 0xe0, 0x3, 0xff, 0xff, 0xff,
    0xc0, 0x7, 0xff, 0xf8, 0xff, 0xf0, 0xf, 0xff,
    0xf1, 0xff, 0xe0, 0x1f, 0xff, 0xe3, 0xff, 0xc0,
    0x3f, 0xff, 0xc7, 0xff, 0x80, 0x7f, 0xf8, 0x0,
    0x7f, 0xf0, 0xff, 0xf0, 0x0, 0xff, 0xe1, 0xff,
    0xe0, 0x1, 0xff, 0xc3, 0xff, 0xc0, 0x3, 0xff,
    0x87, 0xf8, 0x0, 0x0, 0x7f, 0xff, 0xf0, 0x0,
    0x0, 0xff, 0xff, 0xe0, 0x0, 0x1, 0xff, 0xff,
    0xc0, 0x0, 0x3, 0xff, 0xff, 0x80, 0x0, 0x0,
    0xff, 0xff, 0x0, 0x0, 0x1, 0xff, 0xfe, 0x0,
    0x0, 0x3, 0xff, 0xfc, 0x0, 0x0, 0x7, 0xff,
    0xf8, 0x0, 0x0, 0xf, 0xff, 0xf0, 0x0, 0x0,
    0x1f, 0xff, 0xe0, 0x0, 0x0, 0x3f, 0xff, 0xc0,
    0x0, 0x0, 0x7f, 0x80,

    /* U+006C "l" */
    0xff, 0xff, 0xf0, 0x0, 0xff, 0xff, 0xf0, 0x0,
    0xff, 0xff, 0xf0, 0x0, 0xff, 0xff, 0xf0, 0x0,
    0xff, 0xff, 0xf0, 0x0, 0xff, 0xff, 0xf0, 0x0,
    0xff, 0xff, 0xf0, 0x0, 0xff, 0xff, 0xf0, 0x0,
    0x0, 0xf, 0xf0, 0x0, 0x0, 0xf, 0xf0, 0x0,
    0x0, 0xf, 0xf0, 0x0, 0x0, 0xf, 0xf0, 0x0,
    0x0, 0xf, 0xf0, 0x0, 0x0, 0xf, 0xf0, 0x0,
    0x0, 0xf, 0xf0, 0x0, 0x0, 0xf, 0xf0, 0x0,
    0x0, 0xf, 0xf0, 0x0, 0x0, 0xf, 0xf0, 0x0,
    0x0, 0xf, 0xf0, 0x0, 0x0, 0xf, 0xf0, 0x0,
    0x0, 0xf, 0xf0, 0x0, 0x0, 0xf, 0xf0, 0x0,
    0x0, 0xf, 0xf0, 0x0, 0x0, 0xf, 0xf0, 0x0,
    0x0, 0xf, 0xf0, 0x0, 0x0, 0xf, 0xf0, 0x0,
    0x0, 0xf, 0xf0, 0x0, 0x0, 0xf, 0xf0, 0x0,
    0x0, 0xf, 0xf0, 0x0, 0x0, 0xf, 0xf0, 0x0,
    0x0, 0xf, 0xf0, 0x0, 0x0, 0xf, 0xf0, 0x0,
    0x0, 0xf, 0xf0, 0x0, 0x0, 0xf, 0xf0, 0x0,
    0x0, 0xf, 0xf0, 0x0, 0x0, 0xf, 0xf0, 0x0,
    0x0, 0xf, 0xf0, 0x0, 0x0, 0xf, 0xf0, 0x0,
    0x0, 0xf, 0xf0, 0x0, 0x0, 0xf, 0xf0, 0x0,
    0x0, 0xf, 0xf0, 0x0, 0x0, 0xf, 0xf0, 0x0,
    0x0, 0xf, 0xf0, 0x0, 0x0, 0xf, 0xf0, 0x0,
    0x0, 0xf, 0xf0, 0x0, 0x0, 0xf, 0xf0, 0x0,
    0x0, 0xf, 0xf0, 0x0, 0x0, 0xf, 0xf0, 0x0,
    0x0, 0xf, 0xf0, 0x0, 0x0, 0xf, 0xf0, 0x0,
    0x0, 0xf, 0xf0, 0x0, 0x0, 0xf, 0xf0, 0x0,
    0x0, 0xf, 0xf0, 0x0, 0x0, 0xf, 0xf0, 0x0,
    0x0, 0xf, 0xf0, 0x0, 0x0, 0xf, 0xff, 0xff,
    0x0, 0xf, 0xff, 0xff, 0x0, 0xf, 0xff, 0xff,
    0x0, 0xf, 0xff, 0xff, 0x0, 0x0, 0xff, 0xff,
    0x0, 0x0, 0xff, 0xff, 0x0, 0x0, 0xff, 0xff,
    0x0, 0x0, 0xff, 0xff,

    /* U+006D "m" */
    0xff, 0xff, 0xff, 0xff, 0xff, 0xe1, 0xff, 0xff,
    0xff, 0xff, 0xff, 0xc3, 0xff, 0xff, 0xff, 0xff,
    0xff, 0x87, 0xff, 0xff, 0xff, 0xff, 0xff, 0xf,
    0xff, 0xff, 0xff, 0xff, 0xff, 0xff, 0xff, 0xff,
    0xff, 0xff, 0xff, 0xff, 0xff, 0xff, 0xff, 0xff,
    0xff, 0xff, 0xff, 0xff, 0xff, 0xff, 0xff, 0xff,
    0x0, 0x1f, 0xe0, 0x1, 0xff, 0xfe, 0x0, 0x3f,
    0xc0, 0x3, 0xff, 0xfc, 0x0, 0x7f, 0x80, 0x7,
    0xff, 0xf8, 0x0, 0xff, 0x0, 0xf, 0xff, 0xf0,
    0x1, 0xfe, 0x0, 0x1f, 0xff, 0xe0, 0x3, 0xfc,
    0x0, 0x3f, 0xff, 0xc0, 0x7, 0xf8, 0x0, 0x7f,
    0xff, 0x80, 0xf, 0xf0, 0x0, 0xff, 0xff, 0x0,
    0x1f, 0xe0, 0x1, 0xff, 0xfe, 0x0, 0x3f, 0xc0,
    0x3, 0xff, 0xfc, 0x0, 0x7f, 0x80, 0x7, 0xff,
    0xf8, 0x0, 0xff, 0x0, 0xf, 0xff, 0xf0, 0x1,
    0xfe, 0x0, 0x1f, 0xff, 0xe0, 0x3, 0xfc, 0x0,
    0x3f, 0xff, 0xc0, 0x7, 0xf8, 0x0, 0x7f, 0xff,
    0x80, 0xf, 0xf0, 0x0, 0xff, 0xff, 0x0, 0x1f,
    0xe0, 0x1, 0xff, 0xfe, 0x0, 0x3f, 0xc0, 0x3,
    0xff, 0xfc, 0x0, 0x7f, 0x80, 0x7, 0xff, 0xf8,
    0x0, 0xff, 0x0, 0xf, 0xff, 0xf0, 0x1, 0xfe,
    0x0, 0x1f, 0xff, 0xe0, 0x3, 0xfc, 0x0, 0x3f,
    0xff, 0xc0, 0x7, 0xf8, 0x0, 0x7f, 0xff, 0x80,
    0xf, 0xf0, 0x0, 0xff, 0xff, 0x0, 0x1f, 0xe0,
    0x1, 0xff, 0xfe, 0x0, 0x3f, 0xc0, 0x3, 0xff,
    0xfc, 0x0, 0x7f, 0x80, 0x7, 0xff, 0xf8, 0x0,
    0xff, 0x0, 0xf, 0xff, 0xf0, 0x1, 0xfe, 0x0,
    0x1f, 0xff, 0xe0, 0x3, 0xfc, 0x0, 0x3f, 0xff,
    0xc0, 0x7, 0xf8, 0x0, 0x7f, 0xff, 0x80, 0xf,
    0xf0, 0x0, 0xff, 0xff, 0x0, 0x1f, 0xe0, 0x1,
    0xff, 0xfe, 0x0, 0x3f, 0xc0, 0x3, 0xff, 0xfc,
    0x0, 0x7f, 0x80, 0x7, 0xff, 0xf8, 0x0, 0xff,
    0x0, 0xf, 0xff, 0xf0, 0x1, 0xfe, 0x0, 0x1f,
    0xff, 0xe0, 0x3, 0xfc, 0x0, 0x3f, 0xff, 0xc0,
    0x7, 0xf8, 0x0, 0x7f, 0x80,

    /* U+006E "n" */
    0xff, 0xff, 0xff, 0xfe, 0x1, 0xff, 0xff, 0xff,
    0xfc, 0x3, 0xff, 0xff, 0xff, 0xf8, 0x7, 0xff,
    0xff, 0xff, 0xf0, 0xf, 0xff, 0xff, 0xff, 0xfe,
    0x1f, 0xff, 0xff, 0xff, 0xfc, 0x3f, 0xff, 0xff,
    0xff, 0xf8, 0x7f, 0xff, 0xff, 0xff, 0xf0, 0xff,
    0x0, 0x0, 0x1f, 0xff, 0xfe, 0x0, 0x0, 0x3f,
    0xff, 0xfc, 0x0, 0x0, 0x7f, 0xff, 0xf8, 0x0,
    0x0, 0xff, 0xff, 0xf0, 0x0, 0x0, 0x1f, 0xff,
    0xe0, 0x0, 0x0, 0x3f, 0xff, 0xc0, 0x0, 0x0,
    0x7f, 0xff, 0x80, 0x0, 0x0, 0xff, 0xff, 0x0,
    0x0, 0x1, 0xff, 0xfe, 0x0, 0x0, 0x3, 0xff,
    0xfc, 0x0, 0x0, 0x7, 0xff, 0xf8, 0x0, 0x0,
    0xf, 0xff, 0xf0, 0x0, 0x0, 0x1f, 0xff, 0xe0,
    0x0, 0x0, 0x3f, 0xff, 0xc0, 0x0, 0x0, 0x7f,
    0xff, 0x80, 0x0, 0x0, 0xff, 0xff, 0x0, 0x0,
    0x1, 0xff, 0xfe, 0x0, 0x0, 0x3, 0xff, 0xfc,
    0x0, 0x0, 0x7, 0xff, 0xf8, 0x0, 0x0, 0xf,
    0xff, 0xf0, 0x0, 0x0, 0x1f, 0xff, 0xe0, 0x0,
    0x0, 0x3f, 0xff, 0xc0, 0x0, 0x0, 0x7f, 0xff,
    0x80, 0x0, 0x0, 0xff, 0xff, 0x0, 0x0, 0x1,
    0xff, 0xfe, 0x0, 0x0, 0x3, 0xff, 0xfc, 0x0,
    0x0, 0x7, 0xff, 0xf8, 0x0, 0x0, 0xf, 0xff,
    0xf0, 0x0, 0x0, 0x1f, 0xff, 0xe0, 0x0, 0x0,
    0x3f, 0xff, 0xc0, 0x0, 0x0, 0x7f, 0xff, 0x80,
    0x0, 0x0, 0xff, 0xff, 0x0, 0x0, 0x1, 0xff,
    0xfe, 0x0, 0x0, 0x3, 0xff, 0xfc, 0x0, 0x0,
    0x7, 0xff, 0xf8, 0x0, 0x0, 0xf, 0xff, 0xf0,
    0x0, 0x0, 0x1f, 0xff, 0xe0, 0x0, 0x0, 0x3f,
    0xff, 0xc0, 0x0, 0x0, 0x7f, 0x80,

    /* U+006F "o" */
    0x0, 0xff, 0xff, 0xff, 0x0, 0x1, 0xff, 0xff,
    0xfe, 0x0, 0x3, 0xff, 0xff, 0xfc, 0x0, 0x7,
    0xff, 0xff, 0xf8, 0x0, 0xff, 0xff, 0xff, 0xfe,
    0x1, 0xff, 0xff, 0xff, 0xfc, 0x3, 0xff, 0xff,
    0xff, 0xf8, 0x7, 0xff, 0xff, 0xff, 0xf0, 0xff,
    0xf0, 0x0, 0xf, 0xff, 0xff, 0xe0, 0x0, 0x1f,
    0xff, 0xff, 0xc0, 0x0, 0x3f, 0xff, 0xff, 0x80,
    0x0, 0x7f, 0xff, 0xf0, 0x0, 0x0, 0xf, 0xff,
    0xe0, 0x0, 0x0, 0x1f, 0xff, 0xc0, 0x0, 0x0,
    0x3f, 0xff, 0x80, 0x0, 0x0, 0x7f, 0xff, 0x0,
    0x0, 0x0, 0xff, 0xfe, 0x0, 0x0, 0x1, 0xff,
    0xfc, 0x0, 0x0, 0x3, 0xff, 0xf8, 0x0, 0x0,
    0x7, 0xff, 0xf0, 0x0, 0x0, 0xf, 0xff, 0xe0,
    0x0, 0x0, 0x1f, 0xff, 0xc0, 0x0, 0x0, 0x3f,
    0xff, 0x80, 0x0, 0x0, 0x7f, 0xff, 0x0, 0x0,
    0x0, 0xff, 0xfe, 0x0, 0x0, 0x1, 0xff, 0xfc,
    0x0, 0x0, 0x3, 0xff, 0xf8, 0x0, 0x0, 0x7,
    0xff, 0xf0, 0x0, 0x0, 0xf, 0xff, 0xe0, 0x0,
    0x0, 0x1f, 0xff, 0xc0, 0x0, 0x0, 0x3f, 0xff,
    0x80, 0x0, 0x0, 0x7f, 0xff, 0x0, 0x0, 0x0,
    0xff, 0xfe, 0x0, 0x0, 0x1, 0xff, 0xfc, 0x0,
    0x0, 0x3, 0xff, 0xff, 0x80, 0x0, 0x7f, 0xff,
    0xff, 0x0, 0x0, 0xff, 0xff, 0xfe, 0x0, 0x1,
    0xff, 0xff, 0xfc, 0x0, 0x3, 0xff, 0x87, 0xff,
    0xff, 0xff, 0xf0, 0xf, 0xff, 0xff, 0xff, 0xe0,
    0x1f, 0xff, 0xff, 0xff, 0xc0, 0x3f, 0xff, 0xff,
    0xff, 0x80, 0x7, 0xff, 0xff, 0xf8, 0x0, 0xf,
    0xff, 0xff, 0xf0, 0x0, 0x1f, 0xff, 0xff, 0xe0,
    0x0, 0x3f, 0xff, 0xff, 0xc0, 0x0,

    /* U+0070 "p" */
    0xff, 0xff, 0xff, 0xfe, 0x1, 0xff, 0xff, 0xff,
    0xfc, 0x3, 0xff, 0xff, 0xff, 0xf8, 0x7, 0xff,
    0xff, 0xff, 0xf0, 0xf, 0xff, 0xff, 0xff, 0xfe,
    0x1f, 0xff, 0xff, 0xff, 0xfc, 0x3f, 0xff, 0xff,
    0xff, 0xf8, 0x7f, 0xff, 0xff, 0xff, 0xf0, 0xff,
    0x0, 0x0, 0x1f, 0xff, 0xfe, 0x0, 0x0, 0x3f,
    0xff, 0xfc, 0x0, 0x0, 0x7f, 0xff, 0xf8, 0x0,
    0x0, 0xff, 0xff, 0xf0, 0x0, 0x0, 0x1f, 0xff,
    0xe0, 0x0, 0x0, 0x3f, 0xff, 0xc0, 0x0, 0x0,
    0x7f, 0xff, 0x80, 0x0, 0x0, 0xff, 0xff, 0x0,
    0x0, 0x1, 0xff, 0xfe, 0x0, 0x0, 0x3, 0xff,
    0xfc, 0x0, 0x0, 0x7, 0xff, 0xf8, 0x0, 0x0,
    0xf, 0xff, 0xf0, 0x0, 0x0, 0x1f, 0xff, 0xe0,
    0x0, 0x0, 0x3f, 0xff, 0xc0, 0x0, 0x0, 0x7f,
    0xff, 0x80, 0x0, 0x0, 0xff, 0xff, 0x0, 0x0,
    0x1, 0xff, 0xfe, 0x0, 0x0, 0x3, 0xff, 0xfc,
    0x0, 0x0, 0x7, 0xff, 0xf8, 0x0, 0x0, 0xf,
    0xff, 0xf0, 0x0, 0x0, 0x1f, 0xff, 0xe0, 0x0,
    0x0, 0x3f, 0xff, 0xc0, 0x0, 0x0, 0x7f, 0xff,
    0x80, 0x0, 0x0, 0xff, 0xff, 0x0, 0x0, 0x1,
    0xff, 0xfe, 0x0, 0x0, 0x3, 0xff, 0xfc, 0x0,
    0x0, 0x7, 0xff, 0xf8, 0x0, 0x0, 0xff, 0xff,
    0xf0, 0x0, 0x1, 0xff, 0xff, 0xe0, 0x0, 0x3,
    0xff, 0xff, 0xc0, 0x0, 0x7, 0xff, 0xff, 0xff,
    0xff, 0xff, 0xf0, 0xff, 0xff, 0xff, 0xff, 0xe1,
    0xff, 0xff, 0xff, 0xff, 0xc3, 0xff, 0xff, 0xff,
    0xff, 0x87, 0xff, 0xff, 0xff, 0xf0, 0xf, 0xff,
    0xff, 0xff, 0xe0, 0x1f, 0xff, 0xff, 0xff, 0xc0,
    0x3f, 0xff, 0xff, 0xff, 0x80, 0x7f, 0x80, 0x0,
    0x0, 0x0, 0xff, 0x0, 0x0, 0x0, 0x1, 0xfe,
    0x0, 0x0, 0x0, 0x3, 0xfc, 0x0, 0x0, 0x0,
    0x7, 0xf8, 0x0, 0x0, 0x0, 0xf, 0xf0, 0x0,
    0x0, 0x0, 0x1f, 0xe0, 0x0, 0x0, 0x0, 0x3f,
    0xc0, 0x0, 0x0, 0x0, 0x7f, 0x80, 0x0, 0x0,
    0x0, 0xff, 0x0, 0x0, 0x0, 0x1, 0xfe, 0x0,
    0x0, 0x0, 0x3, 0xfc, 0x0, 0x0, 0x0, 0x7,
    0xf8, 0x0, 0x0, 0x0, 0xf, 0xf0, 0x0, 0x0,
    0x0, 0x1f, 0xe0, 0x0, 0x0, 0x0, 0x3f, 0xc0,
    0x0, 0x0, 0x0, 0x0,

    /* U+0071 "q" */
    0x0, 0xff, 0xff, 0xff, 0xfe, 0x1, 0xff, 0xff,
    0xff, 0xfc, 0x3, 0xff, 0xff, 0xff, 0xf8, 0x7,
    0xff, 0xff, 0xff, 0xf0, 0xff, 0xff, 0xff, 0xff,
    0xe1, 0xff, 0xff, 0xff, 0xff, 0xc3, 0xff, 0xff,
    0xff, 0xff, 0x87, 0xff, 0xff, 0xff, 0xff, 0xff,
    0xf0, 0x0, 0x1, 0xff, 0xff, 0xe0, 0x0, 0x3,
    0xff, 0xff, 0xc0, 0x0, 0x7, 0xff, 0xff, 0x80,
    0x0, 0xf, 0xff, 0xf0, 0x0, 0x0, 0x1f, 0xff,
    0xe0, 0x0, 0x0, 0x3f, 0xff, 0xc0, 0x0, 0x0,
    0x7f, 0xff, 0x80, 0x0, 0x0, 0xff, 0xff, 0x0,
    0x0, 0x1, 0xff, 0xfe, 0x0, 0x0, 0x3, 0xff,
    0xfc, 0x0, 0x0, 0x7, 0xff, 0xf8, 0x0, 0x0,
    0xf, 0xff, 0xf0, 0x0, 0x0, 0x1f, 0xff, 0xe0,
    0x0, 0x0, 0x3f, 0xff, 0xc0, 0x0, 0x0, 0x7f,
    0xff, 0x80, 0x0, 0x0, 0xff, 0xff, 0x0, 0x0,
    0x1, 0xff, 0xfe, 0x0, 0x0, 0x3, 0xff, 0xfc,
    0x0, 0x0, 0x7, 0xff, 0xf8, 0x0, 0x0, 0xf,
    0xff, 0xf0, 0x0, 0x0, 0x1f, 0xff, 0xe0, 0x0,
    0x0, 0x3f, 0xff, 0xc0, 0x0, 0x0, 0x7f, 0xff,
    0x80, 0x0, 0x0, 0xff, 0xff, 0x0, 0x0, 0x1,
    0xff, 0xfe, 0x0, 0x0, 0x3, 0xff, 0xfc, 0x0,
    0x0, 0x7, 0xff, 0xff, 0x80, 0x0, 0xf, 0xff,
    0xff, 0x0, 0x0, 0x1f, 0xff, 0xfe, 0x0, 0x0,
    0x3f, 0xff, 0xfc, 0x0, 0x0, 0x7f, 0x87, 0xff,
    0xff, 0xff, 0xff, 0xf, 0xff, 0xff, 0xff, 0xfe,
    0x1f, 0xff, 0xff, 0xff, 0xfc, 0x3f, 0xff, 0xff,
    0xff, 0xf8, 0x7, 0xff, 0xff, 0xff, 0xf0, 0xf,
    0xff, 0xff, 0xff, 0xe0, 0x1f, 0xff, 0xff, 0xff,
    0xc0, 0x3f, 0xff, 0xff, 0xff, 0x80, 0x0, 0x0,
    0x0, 0xff, 0x0, 0x0, 0x0, 0x1, 0xfe, 0x0,
    0x0, 0x0, 0x3, 0xfc, 0x0, 0x0, 0x0, 0x7,
    0xf8, 0x0, 0x0, 0x0, 0xf, 0xf0, 0x0, 0x0,
    0x0, 0x1f, 0xe0, 0x0, 0x0, 0x0, 0x3f, 0xc0,
    0x0, 0x0, 0x0, 0x7f, 0x80, 0x0, 0x0, 0x0,
    0xff, 0x0, 0x0, 0x0, 0x1, 0xfe, 0x0, 0x0,
    0x0, 0x3, 0xfc, 0x0, 0x0, 0x0, 0x7, 0xf8,
    0x0, 0x0, 0x0, 0xf, 0xf0, 0x0, 0x0, 0x0,
    0x1f, 0xe0, 0x0, 0x0, 0x0, 0x3f, 0xc0, 0x0,
    0x0, 0x0, 0x7f, 0x80,

    /* U+0072 "r" */
    0xff, 0xff, 0xff, 0xfe, 0x1, 0xff, 0xff, 0xff,
    0xfc, 0x3, 0xff, 0xff, 0xff, 0xf8, 0x7, 0xff,
    0xff, 0xff, 0xf0, 0xf, 0xff, 0xff, 0xff, 0xfe,
    0x1f, 0xff, 0xff, 0xff, 0xfc, 0x3f, 0xff, 0xff,
    0xff, 0xf8, 0x7f, 0xff, 0xff, 0xff, 0xf0, 0xff,
    0x0, 0x0, 0x1f, 0xff, 0xfe, 0x0, 0x0, 0x3f,
    0xff, 0xfc, 0x0, 0x0, 0x7f, 0xff, 0xf8, 0x0,
    0x0, 0xff, 0xff, 0xf0, 0x0, 0x0, 0x1f, 0xff,
    0xe0, 0x0, 0x0, 0x3f, 0xff, 0xc0, 0x0, 0x0,
    0x7f, 0xff, 0x80, 0x0, 0x0, 0xff, 0xff, 0x0,
    0x0, 0x0, 0x1, 0xfe, 0x0, 0x0, 0x0, 0x3,
    0xfc, 0x0, 0x0, 0x0, 0x7, 0xf8, 0x0, 0x0,
    0x0, 0xf, 0xf0, 0x0, 0x0, 0x0, 0x1f, 0xe0,
    0x0, 0x0, 0x0, 0x3f, 0xc0, 0x0, 0x0, 0x0,
    0x7f, 0x80, 0x0, 0x0, 0x0, 0xff, 0x0, 0x0,
    0x0, 0x1, 0xfe, 0x0, 0x0, 0x0, 0x3, 0xfc,
    0x0, 0x0, 0x0, 0x7, 0xf8, 0x0, 0x0, 0x0,
    0xf, 0xf0, 0x0, 0x0, 0x0, 0x1f, 0xe0, 0x0,
    0x0, 0x0, 0x3f, 0xc0, 0x0, 0x0, 0x0, 0x7f,
    0x80, 0x0, 0x0, 0x0, 0xff, 0x0, 0x0, 0x0,
    0x1, 0xfe, 0x0, 0x0, 0x0, 0x3, 0xfc, 0x0,
    0x0, 0x0, 0x7, 0xf8, 0x0, 0x0, 0x0, 0xf,
    0xf0, 0x0, 0x0, 0x0, 0x1f, 0xe0, 0x0, 0x0,
    0x0, 0x3f, 0xc0, 0x0, 0x0, 0x0, 0x7f, 0x80,
    0x0, 0x0, 0x0, 0xff, 0x0, 0x0, 0x0, 0x1,
    0xfe, 0x0, 0x0, 0x0, 0x3, 0xfc, 0x0, 0x0,
    0x0, 0x7, 0xf8, 0x0, 0x0, 0x0, 0xf, 0xf0,
    0x0, 0x0, 0x0, 0x1f, 0xe0, 0x0, 0x0, 0x0,
    0x3f, 0xc0, 0x0, 0x0, 0x0, 0x0,

    /* U+0073 "s" */
    0xf, 0xff, 0xff, 0xff, 0xe0, 0x1f, 0xff, 0xff,
    0xff, 0xc0, 0x3f, 0xff, 0xff, 0xff, 0x80, 0x7f,
    0xff, 0xff, 0xff, 0xf, 0xff, 0xff, 0xff, 0xff,
    0xff, 0xff, 0xff, 0xff, 0xff, 0xff, 0xff, 0xff,
    0xff, 0xff, 0xff, 0xff, 0xff, 0xff, 0xff, 0xff,
    0x0, 0x0, 0x1, 0xff, 0xfe, 0x0, 0x0, 0x3,
    0xff, 0xfc, 0x0, 0x0, 0x7, 0xff, 0xf8, 0x0,
    0x0, 0xf, 0xff, 0xf0, 0x0, 0x0, 0x0, 0x1f,
    0xe0, 0x0, 0x0, 0x0, 0x3f, 0xc0, 0x0, 0x0,
    0x0, 0x7f, 0x80, 0x0, 0x0, 0x0, 0xff, 0x0,
    0x0, 0x0, 0x1, 0xfe, 0x0, 0x0, 0x0, 0x3,
    0xfc, 0x0, 0x0, 0x0, 0x7, 0xf8, 0x0, 0x0,
    0x0, 0xf, 0xff, 0xff, 0xff, 0xfe, 0x1f, 0xff,
    0xff, 0xff, 0xfc, 0x3f, 0xff, 0xff, 0xff, 0xf8,
    0x7, 0xff, 0xff, 0xff, 0xf0, 0xf, 0xff, 0xff,
    0xff, 0xfe, 0x1f, 0xff, 0xff, 0xff, 0xfc, 0x3f,
    0xff, 0xff, 0xff, 0xf8, 0x7f, 0xff, 0xff, 0xff,
    0xf0, 0x0, 0x0, 0x0, 0x1f, 0xe0, 0x0, 0x0,
    0x0, 0x3f, 0xc0, 0x0, 0x0, 0x0, 0x7f, 0x80,
    0x0, 0x0, 0x0, 0xff, 0x0, 0x0, 0x0, 0x1,
    0xfe, 0x0, 0x0, 0x0, 0x3, 0xfc, 0x0, 0x0,
    0x0, 0x7, 0xff, 0xf8, 0x0, 0x0, 0xf, 0xff,
    0xf0, 0x0, 0x0, 0x1f, 0xff, 0xe0, 0x0, 0x0,
    0x3f, 0xff, 0xc0, 0x0, 0x0, 0x7f, 0xff, 0xff,
    0xff, 0xff, 0xff, 0xff, 0xff, 0xff, 0xff, 0xff,
    0xff, 0xff, 0xff, 0xff, 0xff, 0xff, 0xff, 0xff,
    0xff, 0xf8, 0x7f, 0xff, 0xff, 0xff, 0x0, 0xff,
    0xff, 0xff, 0xfe, 0x1, 0xff, 0xff, 0xff, 0xfc,
    0x3, 0xff, 0xff, 0xff, 0xf8, 0x0,

    /* U+0074 "t" */
    0x0, 0xff, 0x0, 0x0, 0x0, 0x1, 0xfe, 0x0,
    0x0, 0x0, 0x3, 0xfc, 0x0, 0x0, 0x0, 0x7,
    0xf8, 0x0, 0x0, 0x0, 0xf, 0xf0, 0x0, 0x0,
    0x0, 0x1f, 0xe0, 0x0, 0x0, 0x0, 0x3f, 0xc0,
    0x0, 0x0, 0x0, 0x7f, 0x80, 0x0, 0x0, 0x0,
    0xff, 0x0, 0x0, 0x0, 0x1, 0xfe, 0x0, 0x0,
    0x0, 0x3, 0xfc, 0x0, 0x0, 0x0, 0x7, 0xf8,
    0x0, 0x0, 0x0, 0xf, 0xf0, 0x0, 0x0, 0x0,
    0x1f, 0xe0, 0x0, 0x0, 0x0, 0x3f, 0xc0, 0x0,
    0x0, 0x0, 0x7f, 0x80, 0x0, 0x0, 0xff, 0xff,
    0xff, 0xff, 0xff, 0xff, 0xff, 0xff, 0xff, 0xff,
    0xff, 0xff, 0xff, 0xff, 0xff, 0xff, 0xff, 0xff,
    0xff, 0xff, 0xff, 0xff, 0xff, 0xff, 0xff, 0xff,
    0xff, 0xff, 0xff, 0xff, 0xff, 0xff, 0xff, 0xff,
    0xff, 0xff, 0xff, 0xff, 0xff, 0x0, 0xff, 0x0,
    0x0, 0x0, 0x1, 0xfe, 0x0, 0x0, 0x0, 0x3,
    0xfc, 0x0, 0x0, 0x0, 0x7, 0xf8, 0x0, 0x0,
    0x0, 0xf, 0xf0, 0x0, 0x0, 0x0, 0x1f, 0xe0,
    0x0, 0x0, 0x0, 0x3f, 0xc0, 0x0, 0x0, 0x0,
    0x7f, 0x80, 0x0, 0x0, 0x0, 0xff, 0x0, 0x0,
    0x0, 0x1, 0xfe, 0x0, 0x0, 0x0, 0x3, 0xfc,
    0x0, 0x0, 0x0, 0x7, 0xf8, 0x0, 0x0, 0x0,
    0xf, 0xf0, 0x0, 0x0, 0x0, 0x1f, 0xe0, 0x0,
    0x0, 0x0, 0x3f, 0xc0, 0x0, 0x0, 0x0, 0x7f,
    0x80, 0x0, 0x0, 0x0, 0xff, 0x0, 0x0, 0x0,
    0x1, 0xfe, 0x0, 0x0, 0x0, 0x3, 0xfc, 0x0,
    0x0, 0x0, 0x7, 0xf8, 0x0, 0x0, 0x0, 0xf,
    0xf0, 0x0, 0x0, 0x0, 0x1f, 0xe0, 0x0, 0x0,
    0x0, 0x3f, 0xc0, 0x0, 0x0, 0x0, 0x7f, 0x80,
    0x0, 0x0, 0x0, 0xff, 0x0, 0x0, 0x0, 0x1,
    0xfe, 0x0, 0x0, 0x0, 0x3, 0xfc, 0x0, 0x0,
    0x0, 0x7, 0xff, 0x80, 0x0, 0x0, 0xf, 0xff,
    0x0, 0x0, 0x0, 0x1f, 0xfe, 0x0, 0x0, 0x0,
    0x3f, 0xfc, 0x0, 0x0, 0x0, 0x7, 0xff, 0xff,
    0xff, 0x0, 0xf, 0xff, 0xff, 0xfe, 0x0, 0x1f,
    0xff, 0xff, 0xfc, 0x0, 0x3f, 0xff, 0xff, 0xf8,
    0x0, 0x7, 0xff, 0xff, 0xf0, 0x0, 0xf, 0xff,
    0xff, 0xe0, 0x0, 0x1f, 0xff, 0xff, 0xc0, 0x0,
    0x3f, 0xff, 0xff, 0x80,

    /* U+0075 "u" */
    0xff, 0x0, 0x0, 0x1, 0xff, 0xfe, 0x0, 0x0,
    0x3, 0xff, 0xfc, 0x0, 0x0, 0x7, 0xff, 0xf8,
    0x0, 0x0, 0xf, 0xff, 0xf0, 0x0, 0x0, 0x1f,
    0xff, 0xe0, 0x0, 0x0, 0x3f, 0xff, 0xc0, 0x0,
    0x0, 0x7f, 0xff, 0x80, 0x0, 0x0, 0xff, 0xff,
    0x0, 0x0, 0x1, 0xff, 0xfe, 0x0, 0x0, 0x3,
    0xff, 0xfc, 0x0, 0x0, 0x7, 0xff, 0xf8, 0x0,
    0x0, 0xf, 0xff, 0xf0, 0x0, 0x0, 0x1f, 0xff,
    0xe0, 0x0, 0x0, 0x3f, 0xff, 0xc0, 0x0, 0x0,
    0x7f, 0xff, 0x80, 0x0, 0x0, 0xff, 0xff, 0x0,
    0x0, 0x1, 0xff, 0xfe, 0x0, 0x0, 0x3, 0xff,
    0xfc, 0x0, 0x0, 0x7, 0xff, 0xf8, 0x0, 0x0,
    0xf, 0xff, 0xf0, 0x0, 0x0, 0x1f, 0xff, 0xe0,
    0x0, 0x0, 0x3f, 0xff, 0xc0, 0x0, 0x0, 0x7f,
    0xff, 0x80, 0x0, 0x0, 0xff, 0xff, 0x0, 0x0,
    0x1, 0xff, 0xfe, 0x0, 0x0, 0x3, 0xff, 0xfc,
    0x0, 0x0, 0x7, 0xff, 0xf8, 0x0, 0x0, 0xf,
    0xff, 0xf0, 0x0, 0x0, 0x1f, 0xff, 0xe0, 0x0,
    0x0, 0x3f, 0xff, 0xc0, 0x0, 0x0, 0x7f, 0xff,
    0x80, 0x0, 0x0, 0xff, 0xff, 0x0, 0x0, 0x1,
    0xff, 0xfe, 0x0, 0x0, 0x3, 0xff, 0xfc, 0x0,
    0x0, 0x7, 0xff, 0xff, 0x80, 0x0, 0xf, 0xff,
    0xff, 0x0, 0x0, 0x1f, 0xff, 0xfe, 0x0, 0x0,
    0x3f, 0xff, 0xfc, 0x0, 0x0, 0x7f, 0x87, 0xff,
    0xff, 0xff, 0xff, 0xf, 0xff, 0xff, 0xff, 0xfe,
    0x1f, 0xff, 0xff, 0xff, 0xfc, 0x3f, 0xff, 0xff,
    0xff, 0xf8, 0x7, 0xff, 0xff, 0xff, 0xf0, 0xf,
    0xff, 0xff, 0xff, 0xe0, 0x1f, 0xff, 0xff, 0xff,
    0xc0, 0x3f, 0xff, 0xff, 0xff, 0x80,

    /* U+0076 "v" */
    0xff, 0x0, 0x0, 0x0, 0xff, 0xfe, 0x0, 0x0,
    0x1, 0xff, 0xfc, 0x0, 0x0, 0x3, 0xff, 0xf8,
    0x0, 0x0, 0x7, 0xff, 0xf0, 0x0, 0x0, 0xf,
    0xff, 0xe0, 0x0, 0x0, 0x1f, 0xff, 0xc0, 0x0,
    0x0, 0x3f, 0xff, 0x80, 0x0, 0x0, 0x7f, 0xff,
    0x0, 0x0, 0x0, 0xff, 0xfe, 0x0, 0x0, 0x1,
    0xff, 0xfc, 0x0, 0x0, 0x3, 0xff, 0xf8, 0x0,
    0x0, 0x7, 0xff, 0xf0, 0x0, 0x0, 0xf, 0xff,
    0xe0, 0x0, 0x0, 0x1f, 0xff, 0xc0, 0x0, 0x0,
    0x3f, 0xff, 0x80, 0x0, 0x0, 0x7f, 0xff, 0x0,
    0x0, 0x0, 0xff, 0xfe, 0x0, 0x0, 0x1, 0xff,
    0xfc, 0x0, 0x0, 0x3, 0xff, 0xf8, 0x0, 0x0,
    0x7, 0xff, 0xf0, 0x0, 0x0, 0xf, 0xff, 0xe0,
    0x0, 0x0, 0x1f, 0xff, 0xc0, 0x0, 0x0, 0x3f,
    0xff, 0x80, 0x0, 0x0, 0x7f, 0xff, 0x0, 0x0,
    0x0, 0xff, 0xfe, 0x0, 0x0, 0x1, 0xff, 0xfc,
    0x0, 0x0, 0x3, 0xff, 0xff, 0x80, 0x0, 0x7f,
    0xff, 0xff, 0x0, 0x0, 0xff, 0xff, 0xfe, 0x0,
    0x1, 0xff, 0xff, 0xfc, 0x0, 0x3, 0xff, 0x87,
    0xff, 0x80, 0x7f, 0xf0, 0xf, 0xff, 0x0, 0xff,
    0xe0, 0x1f, 0xfe, 0x1, 0xff, 0xc0, 0x3f, 0xfc,
    0x3, 0xff, 0x80, 0x7, 0xff, 0xff, 0xf8, 0x0,
    0xf, 0xff, 0xff, 0xf0, 0x0, 0x1f, 0xff, 0xff,
    0xe0, 0x0, 0x3f, 0xff, 0xff, 0xc0, 0x0, 0x7,
    0xff, 0xf8, 0x0, 0x0, 0xf, 0xff, 0xf0, 0x0,
    0x0, 0x1f, 0xff, 0xe0, 0x0, 0x0, 0x3f, 0xff,
    0xc0, 0x0, 0x0, 0x7, 0xf8, 0x0, 0x0, 0x0,
    0xf, 0xf0, 0x0, 0x0, 0x0, 0x1f, 0xe0, 0x0,
    0x0, 0x0, 0x3f, 0xc0, 0x0, 0x0,

    /* U+0077 "w" */
    0xff, 0x0, 0x0, 0x1, 0xff, 0xfe, 0x0, 0x0,
    0x3, 0xff, 0xfc, 0x0, 0x0, 0x7, 0xff, 0xf8,
    0x0, 0x0, 0xf, 0xff, 0xf0, 0x0, 0x0, 0x1f,
    0xff, 0xe0, 0x0, 0x0, 0x3f, 0xff, 0xc0, 0x0,
    0x0, 0x7f, 0xff, 0x80, 0x0, 0x0, 0xff, 0xff,
    0x0, 0x0, 0x1, 0xff, 0xfe, 0x0, 0x0, 0x3,
    0xff, 0xfc, 0x0, 0x0, 0x7, 0xff, 0xf8, 0x0,
    0x0, 0xf, 0xff, 0xf0, 0x0, 0x0, 0x1f, 0xff,
    0xe0, 0x0, 0x0, 0x3f, 0xff, 0xc0, 0x0, 0x0,
    0x7f, 0xff, 0x80, 0x0, 0x0, 0xff, 0xff, 0x0,
    0x0, 0x1, 0xff, 0xfe, 0x0, 0x0, 0x3, 0xff,
    0xfc, 0x0, 0x0, 0x7, 0xff, 0xf8, 0x0, 0x0,
    0xf, 0xff, 0xf0, 0x0, 0x0, 0x1f, 0xff, 0xe0,
    0x0, 0x0, 0x3f, 0xff, 0xc0, 0x0, 0x0, 0x7f,
    0xff, 0x80, 0x7f, 0x80, 0xff, 0xff, 0x0, 0xff,
    0x1, 0xff, 0xfe, 0x1, 0xfe, 0x3, 0xff, 0xfc,
    0x3, 0xfc, 0x7, 0xff, 0xf8, 0x7f, 0xff, 0x8f,
    0xff, 0xf0, 0xff, 0xff, 0x1f, 0xff, 0xe1, 0xff,
    0xfe, 0x3f, 0xff, 0xc3, 0xff, 0xfc, 0x7f, 0xff,
    0xff, 0xff, 0xff, 0xff, 0xff, 0xff, 0xff, 0xff,
    0xff, 0xff, 0xff, 0xff, 0xff, 0xff, 0xff, 0xff,
    0xff, 0xff, 0xff, 0xff, 0xf8, 0x7, 0xff, 0xff,
    0xff, 0xf0, 0xf, 0xff, 0xff, 0xff, 0xe0, 0x1f,
    0xff, 0xff, 0xff, 0xc0, 0x3f, 0xff, 0xff, 0xf8,
    0x0, 0x7, 0xff, 0xff, 0xf0, 0x0, 0xf, 0xff,
    0xff, 0xe0, 0x0, 0x1f, 0xff, 0xff, 0xc0, 0x0,
    0x3f, 0xff, 0xf8, 0x0, 0x0, 0xf, 0xff, 0xf0,
    0x0, 0x0, 0x1f, 0xff, 0xe0, 0x0, 0x0, 0x3f,
    0xff, 0xc0, 0x0, 0x0, 0x7f, 0x80,

    /* U+0078 "x" */
    0xff, 0x0, 0x0, 0x0, 0xff, 0xfe, 0x0, 0x0,
    0x1, 0xff, 0xfc, 0x0, 0x0, 0x3, 0xff, 0xf8,
    0x0, 0x0, 0x7, 0xff, 0xf0, 0x0, 0x0, 0xf,
    0xff, 0xe0, 0x0, 0x0, 0x1f, 0xff, 0xc0, 0x0,
    0x0, 0x3f, 0xff, 0x80, 0x0, 0x0, 0x7f, 0xff,
    0xf0, 0x0, 0xf, 0xff, 0xff, 0xe0, 0x0, 0x1f,
    0xff, 0xff, 0xc0, 0x0, 0x3f, 0xff, 0xff, 0x80,
    0x0, 0x7f, 0xf0, 0xff, 0xf0, 0x1f, 0xfe, 0x1,
    0xff, 0xe0, 0x3f, 0xfc, 0x3, 0xff, 0xc0, 0x7f,
    0xf8, 0x7, 0xff, 0x80, 0xff, 0xf0, 0x0, 0xff,
    0xff, 0xff, 0x0, 0x1, 0xff, 0xff, 0xfe, 0x0,
    0x3, 0xff, 0xff, 0xfc, 0x0, 0x7, 0xff, 0xff,
    0xf8, 0x0, 0x0, 0xff, 0xff, 0x0, 0x0, 0x1,
    0xff, 0xfe, 0x0, 0x0, 0x3, 0xff, 0xfc, 0x0,
    0x0, 0x7, 0xff, 0xf8, 0x0, 0x0, 0xf, 0xff,
    0xf0, 0x0, 0x0, 0x1f, 0xff, 0xe0, 0x0, 0x0,
    0x3f, 0xff, 0xc0, 0x0, 0x7, 0xff, 0xff, 0xf8,
    0x0, 0xf, 0xff, 0xff, 0xf0, 0x0, 0x1f, 0xff,
    0xff, 0xe0, 0x0, 0x3f, 0xff, 0xff, 0xc0, 0x7,
    0xff, 0x80, 0xff, 0xf0, 0xf, 0xff, 0x1, 0xff,
    0xe0, 0x1f, 0xfe, 0x3, 0xff, 0xc0, 0x3f, 0xfc,
    0x7, 0xff, 0x87, 0xff, 0x80, 0x0, 0x7f, 0xff,
    0xff, 0x0, 0x0, 0xff, 0xff, 0xfe, 0x0, 0x1,
    0xff, 0xff, 0xfc, 0x0, 0x3, 0xff, 0xff, 0x80,
    0x0, 0x0, 0x7f, 0xff, 0x0, 0x0, 0x0, 0xff,
    0xfe, 0x0, 0x0, 0x1, 0xff, 0xfc, 0x0, 0x0,
    0x3, 0xff, 0xf8, 0x0, 0x0, 0x7, 0xff, 0xf0,
    0x0, 0x0, 0xf, 0xff, 0xe0, 0x0, 0x0, 0x1f,
    0xff, 0xc0, 0x0, 0x0, 0x3f, 0x80,

    /* U+0079 "y" */
    0xff, 0x0, 0x0, 0x1, 0xff, 0xfe, 0x0, 0x0,
    0x3, 0xff, 0xfc, 0x0, 0x0, 0x7, 0xff, 0xf8,
    0x0, 0x0, 0xf, 0xff, 0xf0, 0x0, 0x0, 0x1f,
    0xff, 0xe0, 0x0, 0x0, 0x3f, 0xff, 0xc0, 0x0,
    0x0, 0x7f, 0xff, 0x80, 0x0, 0x0, 0xff, 0xff,
    0x0, 0x0, 0x1, 0xff, 0xfe, 0x0, 0x0, 0x3,
    0xff, 0xfc, 0x0, 0x0, 0x7, 0xff, 0xf8, 0x0,
    0x0, 0xf, 0xff, 0xf0, 0x0, 0x0, 0x1f, 0xff,
    0xe0, 0x0, 0x0, 0x3f, 0xff, 0xc0, 0x0, 0x0,
    0x7f, 0xff, 0x80, 0x0, 0x0, 0xff, 0xff, 0x0,
    0x0, 0x1, 0xff, 0xfe, 0x0, 0x0, 0x3, 0xff,
    0xfc, 0x0, 0x0, 0x7, 0xff, 0xf8, 0x0, 0x0,
    0xf, 0xff, 0xf0, 0x0, 0x0, 0x1f, 0xff, 0xe0,
    0x0, 0x0, 0x3f, 0xff, 0xc0, 0x0, 0x0, 0x7f,
    0xff, 0x80, 0x0, 0x0, 0xff, 0xff, 0x0, 0x0,
    0x1, 0xff, 0xfe, 0x0, 0x0, 0x3, 0xff, 0xfc,
    0x0, 0x0, 0x7, 0xff, 0xf8, 0x0, 0x0, 0xf,
    0xff, 0xff, 0x0, 0x0, 0x1f, 0xff, 0xfe, 0x0,
    0x0, 0x3f, 0xff, 0xfc, 0x0, 0x0, 0x7f, 0x87,
    0xff, 0x80, 0x0, 0xff, 0xf, 0xff, 0x0, 0x1,
    0xfe, 0x1f, 0xfe, 0x0, 0x3, 0xfc, 0x3f, 0xfc,
    0x0, 0x7, 0xf8, 0x7f, 0xf8, 0x0, 0xf, 0xf0,
    0xf, 0xff, 0xff, 0xff, 0xe0, 0x1f, 0xff, 0xff,
    0xff, 0xc0, 0x3f, 0xff, 0xff, 0xff, 0x80, 0x7f,
    0xff, 0xff, 0xff, 0x0, 0xf, 0xff, 0xff, 0xfe,
    0x0, 0x1f, 0xff, 0xff, 0xfc, 0x0, 0x3f, 0xff,
    0xff, 0xf8, 0x0, 0x7f, 0xff, 0xff, 0xf0, 0x0,
    0x0, 0x1, 0xff, 0xe0, 0x0, 0x0, 0x3, 0xff,
    0xc0, 0x0, 0x0, 0x7, 0xff, 0x80, 0x0, 0x0,
    0x7f, 0xf0, 0x0, 0x0, 0x0, 0xff, 0xe0, 0x0,
    0x0, 0x1, 0xff, 0xc0, 0x0, 0x0, 0x3, 0xff,
    0x80, 0x0, 0x0, 0xff, 0xf0, 0x0, 0x0, 0x1,
    0xff, 0xe0, 0x0, 0x0, 0x3, 0xff, 0xc0, 0x0,
    0x0, 0x7, 0xff, 0x80, 0x7f, 0xff, 0xff, 0xf8,
    0x0, 0xff, 0xff, 0xff, 0xf0, 0x1, 0xff, 0xff,
    0xff, 0xe0, 0x3, 0xff, 0xff, 0xff, 0xc0, 0x7,
    0xff, 0xff, 0xf8, 0x0, 0xf, 0xff, 0xff, 0xf0,
    0x0, 0x1f, 0xff, 0xff, 0xe0, 0x0, 0x3f, 0xff,
    0xff, 0xc0, 0x0, 0x0,

    /* U+007A "z" */
    0xff, 0xff, 0xff, 0xff, 0xff, 0xff, 0xff, 0xff,
    0xff, 0xff, 0xff, 0xff, 0xff, 0xff, 0xff, 0xff,
    0xff, 0xff, 0xff, 0xff, 0xff, 0xff, 0xff, 0xff,
    0xff, 0xff, 0xff, 0xff, 0xff, 0xff, 0xff, 0xff,
    0xff, 0xff, 0xff, 0xff, 0xff, 0xff, 0xff, 0x0,
    0x0, 0x0, 0xf, 0xfe, 0x0, 0x0, 0x0, 0x1f,
    0xfc, 0x0, 0x0, 0x0, 0x3f, 0xf8, 0x0, 0x0,
    0x0, 0x7f, 0xf0, 0x0, 0x0, 0xf, 0xfe, 0x0,
    0x0, 0x0, 0x1f, 0xfc, 0x0, 0x0, 0x0, 0x3f,
    0xf8, 0x0, 0x0, 0x0, 0x7f, 0xf0, 0x0, 0x0,
    0xf, 0xfe, 0x0, 0x0, 0x0, 0x1f, 0xfc, 0x0,
    0x0, 0x0, 0x3f, 0xf8, 0x0, 0x0, 0x7, 0xff,
    0x80, 0x0, 0x0, 0xf, 0xff, 0x0, 0x0, 0x0,
    0x1f, 0xfe, 0x0, 0x0, 0x0, 0x3f, 0xfc, 0x0,
    0x0, 0x7, 0xff, 0x80, 0x0, 0x0, 0xf, 0xff,
    0x0, 0x0, 0x0, 0x1f, 0xfe, 0x0, 0x0, 0x0,
    0x3f, 0xfc, 0x0, 0x0, 0x7, 0xff, 0x80, 0x0,
    0x0, 0xf, 0xff, 0x0, 0x0, 0x0, 0x1f, 0xfe,
    0x0, 0x0, 0x0, 0x3f, 0xfc, 0x0, 0x0, 0x7,
    0xff, 0x80, 0x0, 0x0, 0xf, 0xff, 0x0, 0x0,
    0x0, 0x1f, 0xfe, 0x0, 0x0, 0x0, 0x3f, 0xfc,
    0x0, 0x0, 0x7, 0xff, 0x80, 0x0, 0x0, 0xf,
    0xff, 0x0, 0x0, 0x0, 0x1f, 0xfe, 0x0, 0x0,
    0x0, 0x3f, 0xfc, 0x0, 0x0, 0x0, 0x7f, 0xff,
    0xff, 0xff, 0xff, 0xff, 0xff, 0xff, 0xff, 0xff,
    0xff, 0xff, 0xff, 0xff, 0xff, 0xff, 0xff, 0xff,
    0xff, 0xff, 0xff, 0xff, 0xff, 0xff, 0xff, 0xff,
    0xff, 0xff, 0xff, 0xff, 0xff, 0xff, 0xff, 0xff,
    0xff, 0xff, 0xff, 0xff, 0xff, 0x80,

    /* U+007B "{" */
    0x0, 0x0, 0xff, 0xfe, 0x0, 0x1, 0xff, 0xfc,
    0x0, 0x3, 0xff, 0xf8, 0x0, 0x7, 0xff, 0xf0,
    0x0, 0xff, 0xff, 0xe0, 0x1, 0xff, 0xff, 0xc0,
    0x3, 0xff, 0xff, 0x80, 0x7, 0xff, 0xff, 0x0,
    0xf, 0xf0, 0x0, 0x0, 0x1f, 0xe0, 0x0, 0x0,
    0x3f, 0xc0, 0x0, 0x0, 0x7f, 0x80, 0x0, 0x0,
    0xff, 0x0, 0x0, 0x1, 0xfe, 0x0, 0x0, 0x3,
    0xfc, 0x0, 0x0, 0x7, 0xf8, 0x0, 0x0, 0xf,
    0xf0, 0x0, 0x0, 0x1f, 0xe0, 0x0, 0x0, 0x3f,
    0xc0, 0x0, 0x0, 0x7f, 0x80, 0x0, 0x0, 0xff,
    0x0, 0x0, 0x1, 0xfe, 0x0, 0x0, 0x3, 0xfc,
    0x0, 0x0, 0x7, 0xf8, 0x0, 0x0, 0xf, 0xf0,
    0x0, 0x0, 0x1f, 0xe0, 0x0, 0x0, 0x3f, 0xc0,
    0x0, 0x0, 0x7f, 0x80, 0x0, 0x0, 0xff, 0x0,
    0x0, 0x1, 0xfe, 0x0, 0x0, 0x3, 0xfc, 0x0,
    0x0, 0x7f, 0xf8, 0x0, 0x0, 0xff, 0xf0, 0x0,
    0x1, 0xff, 0xe0, 0x0, 0x3, 0xff, 0xc0, 0x7,
    0xff, 0xf8, 0x0, 0xf, 0xff, 0xf0, 0x0, 0x1f,
    0xff, 0xe0, 0x0, 0x3f, 0xff, 0xc0, 0x0, 0x7f,
    0xff, 0x80, 0x0, 0xff, 0xff, 0x0, 0x1, 0xff,
    0xfe, 0x0, 0x3, 0xff, 0xfc, 0x0, 0x0, 0x7,
    0xff, 0x80, 0x0, 0xf, 0xff, 0x0, 0x0, 0x1f,
    0xfe, 0x0, 0x0, 0x3, 0xfc, 0x0, 0x0, 0x7,
    0xf8, 0x0, 0x0, 0xf, 0xf0, 0x0, 0x0, 0x1f,
    0xe0, 0x0, 0x0, 0x3f, 0xc0, 0x0, 0x0, 0x7f,
    0x80, 0x0, 0x0, 0xff, 0x0, 0x0, 0x1, 0xfe,
    0x0, 0x0, 0x3, 0xfc, 0x0, 0x0, 0x7, 0xf8,
    0x0, 0x0, 0xf, 0xf0, 0x0, 0x0, 0x1f, 0xe0,
    0x0, 0x0, 0x3f, 0xc0, 0x0, 0x0, 0x7f, 0x80,
    0x0, 0x0, 0xff, 0x0, 0x0, 0x1, 0xfe, 0x0,
    0x0, 0x3, 0xfc, 0x0, 0x0, 0x7, 0xf8, 0x0,
    0x0, 0xf, 0xf0, 0x0, 0x0, 0x1f, 0xe0, 0x0,
    0x0, 0x3f, 0xc0, 0x0, 0x0, 0x7f, 0x80, 0x0,
    0x0, 0xff, 0x0, 0x0, 0x1, 0xfe, 0x0, 0x0,
    0x3, 0xff, 0xff, 0x80, 0x7, 0xff, 0xff, 0x0,
    0xf, 0xff, 0xfe, 0x0, 0x1f, 0xff, 0xfc, 0x0,
    0x3, 0xff, 0xf8, 0x0, 0x7, 0xff, 0xf0, 0x0,
    0xf, 0xff, 0xe0, 0x0, 0x1f, 0xff, 0xc0,

    /* U+007C "|" */
    0xff, 0xff, 0xff, 0xff, 0xff, 0xff, 0xff, 0xff,
    0xff, 0xff, 0xff, 0xff, 0xff, 0xff, 0xff, 0xff,
    0xff, 0xff, 0xff, 0xff, 0xff, 0xff, 0xff, 0xff,
    0xff, 0xff, 0xff, 0xff, 0xff, 0xff, 0xff, 0xff,
    0xff, 0xff, 0xff, 0xff, 0xff, 0xff, 0xff, 0xff,
    0xff, 0xff, 0xff, 0xff, 0xff, 0xff, 0xff, 0xff,
    0xff, 0xff, 0xff, 0xff, 0xff, 0xff, 0xff, 0xff,
    0xff, 0xff, 0xff, 0xff, 0xff, 0xff, 0xff, 0xff,
    0xff, 0xff, 0xff, 0xff, 0xff, 0xff, 0xff, 0xff,
    0xff, 0xff, 0xff, 0xff, 0xff, 0xff, 0xff, 0xff,
    0xff, 0xff, 0xff, 0xff, 0xff, 0xff, 0xff, 0xff,
    0xff, 0xff, 0xff, 0xff, 0xff, 0xff,

    /* U+007D "}" */
    0xff, 0xff, 0x0, 0x1, 0xff, 0xfe, 0x0, 0x3,
    0xff, 0xfc, 0x0, 0x7, 0xff, 0xf8, 0x0, 0xf,
    0xff, 0xff, 0x0, 0x1f, 0xff, 0xfe, 0x0, 0x3f,
    0xff, 0xfc, 0x0, 0x7f, 0xff, 0xf8, 0x0, 0x0,
    0xf, 0xf0, 0x0, 0x0, 0x1f, 0xe0, 0x0, 0x0,
    0x3f, 0xc0, 0x0, 0x0, 0x7f, 0x80, 0x0, 0x0,
    0xff, 0x0, 0x0, 0x1, 0xfe, 0x0, 0x0, 0x3,
    0xfc, 0x0, 0x0, 0x7, 0xf8, 0x0, 0x0, 0xf,
    0xf0, 0x0, 0x0, 0x1f, 0xe0, 0x0, 0x0, 0x3f,
    0xc0, 0x0, 0x0, 0x7f, 0x80, 0x0, 0x0, 0xff,
    0x0, 0x0, 0x1, 0xfe, 0x0, 0x0, 0x3, 0xfc,
    0x0, 0x0, 0x7, 0xf8, 0x0, 0x0, 0xf, 0xf0,
    0x0, 0x0, 0x1f, 0xe0, 0x0, 0x0, 0x3f, 0xc0,
    0x0, 0x0, 0x7f, 0x80, 0x0, 0x0, 0xff, 0x0,
    0x0, 0x1, 0xfe, 0x0, 0x0, 0x3, 0xfc, 0x0,
    0x0, 0x7, 0xff, 0x80, 0x0, 0xf, 0xff, 0x0,
    0x0, 0x1f, 0xfe, 0x0, 0x0, 0x3f, 0xfc, 0x0,
    0x0, 0x7, 0xff, 0xf0, 0x0, 0xf, 0xff, 0xe0,
    0x0, 0x1f, 0xff, 0xc0, 0x0, 0x3f, 0xff, 0x80,
    0x0, 0x7f, 0xff, 0x0, 0x0, 0xff, 0xfe, 0x0,
    0x1, 0xff, 0xfc, 0x0, 0x3, 0xff, 0xf8, 0x0,
    0x7f, 0xf8, 0x0, 0x0, 0xff, 0xf0, 0x0, 0x1,
    0xff, 0xe0, 0x0, 0x3, 0xfc, 0x0, 0x0, 0x7,
    0xf8, 0x0, 0x0, 0xf, 0xf0, 0x0, 0x0, 0x1f,
    0xe0, 0x0, 0x0, 0x3f, 0xc0, 0x0, 0x0, 0x7f,
    0x80, 0x0, 0x0, 0xff, 0x0, 0x0, 0x1, 0xfe,
    0x0, 0x0, 0x3, 0xfc, 0x0, 0x0, 0x7, 0xf8,
    0x0, 0x0, 0xf, 0xf0, 0x0, 0x0, 0x1f, 0xe0,
    0x0, 0x0, 0x3f, 0xc0, 0x0, 0x0, 0x7f, 0x80,
    0x0, 0x0, 0xff, 0x0, 0x0, 0x1, 0xfe, 0x0,
    0x0, 0x3, 0xfc, 0x0, 0x0, 0x7, 0xf8, 0x0,
    0x0, 0xf, 0xf0, 0x0, 0x0, 0x1f, 0xe0, 0x0,
    0x0, 0x3f, 0xc0, 0x0, 0x0, 0x7f, 0x80, 0x0,
    0x0, 0xff, 0x0, 0x0, 0x1, 0xfe, 0x0, 0x3f,
    0xff, 0xfc, 0x0, 0x7f, 0xff, 0xf8, 0x0, 0xff,
    0xff, 0xf0, 0x1, 0xff, 0xff, 0xe0, 0x3, 0xff,
    0xfc, 0x0, 0x7, 0xff, 0xf8, 0x0, 0xf, 0xff,
    0xf0, 0x0, 0x1f, 0xff, 0xe0, 0x0, 0x0,

    /* U+007E "~" */
    0x0, 0xff, 0xff, 0x0, 0x1, 0xfe, 0x1, 0xff,
    0xfe, 0x0, 0x3, 0xfc, 0x3, 0xff, 0xfc, 0x0,
    0x7, 0xf8, 0x7, 0xff, 0xf8, 0x0, 0xf, 0xf0,
    0xff, 0xff, 0xff, 0x1, 0xff, 0xe1, 0xff, 0xff,
    0xfe, 0x3, 0xff, 0xc3, 0xff, 0xff, 0xfc, 0x7,
    0xff, 0x87, 0xff, 0xff, 0xf8, 0xf, 0xff, 0xff,
    0xf0, 0x1f, 0xff, 0xff, 0xe1, 0xff, 0xe0, 0x3f,
    0xff, 0xff, 0xc3, 0xff, 0xc0, 0x7f, 0xff, 0xff,
    0x87, 0xff, 0x80, 0xff, 0xff, 0xff, 0xf, 0xf0,
    0x0, 0xf, 0xff, 0xe0, 0x1f, 0xe0, 0x0, 0x1f,
    0xff, 0xc0, 0x3f, 0xc0, 0x0, 0x3f, 0xff, 0x80,
    0x7f, 0x80, 0x0, 0x7f, 0xff, 0x0
};

/*---------------------
 *  GLYPH DESCRIPTION
 *--------------------*/

static const lv_font_fmt_txt_glyph_dsc_t glyph_dsc[] = {
    {.bitmap_index = 0, .adv_w = 0, .box_w = 0, .box_h = 0, .ofs_x = 0, .ofs_y = 0} /* id = 0 reserved */,
    {.bitmap_index = 0, .adv_w = 877, .box_w = 1, .box_h = 1, .ofs_x = 0, .ofs_y = 0},
    {.bitmap_index = 1, .adv_w = 877, .box_w = 8, .box_h = 63, .ofs_x = 23, .ofs_y = 0},
    {.bitmap_index = 64, .adv_w = 877, .box_w = 24, .box_h = 19, .ofs_x = 16, .ofs_y = 44},
    {.bitmap_index = 121, .adv_w = 877, .box_w = 47, .box_h = 63, .ofs_x = 4, .ofs_y = 0},
    {.bitmap_index = 492, .adv_w = 877, .box_w = 39, .box_h = 63, .ofs_x = 8, .ofs_y = 0},
    {.bitmap_index = 800, .adv_w = 877, .box_w = 47, .box_h = 47, .ofs_x = 4, .ofs_y = 0},
    {.bitmap_index = 1077, .adv_w = 877, .box_w = 43, .box_h = 55, .ofs_x = 8, .ofs_y = 0},
    {.bitmap_index = 1373, .adv_w = 877, .box_w = 8, .box_h = 19, .ofs_x = 23, .ofs_y = 44},
    {.bitmap_index = 1392, .adv_w = 877, .box_w = 24, .box_h = 79, .ofs_x = 23, .ofs_y = -8},
    {.bitmap_index = 1629, .adv_w = 877, .box_w = 24, .box_h = 79, .ofs_x = 8, .ofs_y = -8},
    {.bitmap_index = 1866, .adv_w = 877, .box_w = 39, .box_h = 55, .ofs_x = 8, .ofs_y = 4},
    {.bitmap_index = 2135, .adv_w = 877, .box_w = 39, .box_h = 39, .ofs_x = 8, .ofs_y = 12},
    {.bitmap_index = 2326, .adv_w = 877, .box_w = 12, .box_h = 24, .ofs_x = 16, .ofs_y = -12},
    {.bitmap_index = 2362, .adv_w = 877, .box_w = 39, .box_h = 8, .ofs_x = 8, .ofs_y = 27},
    {.bitmap_index = 2401, .adv_w = 877, .box_w = 12, .box_h = 12, .ofs_x = 16, .ofs_y = 0},
    {.bitmap_index = 2419, .adv_w = 877, .box_w = 39, .box_h = 74, .ofs_x = 8, .ofs_y = -3},
    {.bitmap_index = 2780, .adv_w = 877, .box_w = 39, .box_h = 63, .ofs_x = 8, .ofs_y = 0},
    {.bitmap_index = 3088, .adv_w = 877, .box_w = 24, .box_h = 63, .ofs_x = 16, .ofs_y = 0},
    {.bitmap_index = 3277, .adv_w = 877, .box_w = 39, .box_h = 63, .ofs_x = 8, .ofs_y = 0},
    {.bitmap_index = 3585, .adv_w = 877, .box_w = 39, .box_h = 63, .ofs_x = 8, .ofs_y = 0},
    {.bitmap_index = 3893, .adv_w = 877, .box_w = 39, .box_h = 63, .ofs_x = 8, .ofs_y = 0},
    {.bitmap_index = 4201, .adv_w = 877, .box_w = 39, .box_h = 63, .ofs_x = 8, .ofs_y = 0},
    {.bitmap_index = 4509, .adv_w = 877, .box_w = 39, .box_h = 63, .ofs_x = 8, .ofs_y = 0},
    {.bitmap_index = 4817, .adv_w = 877, .box_w = 40, .box_h = 63, .ofs_x = 7, .ofs_y = 0},
    {.bitmap_index = 5132, .adv_w = 877, .box_w = 39, .box_h = 63, .ofs_x = 8, .ofs_y = 0},
    {.bitmap_index = 5440, .adv_w = 877, .box_w = 39, .box_h = 63, .ofs_x = 8, .ofs_y = 0},
    {.bitmap_index = 5748, .adv_w = 877, .box_w = 12, .box_h = 39, .ofs_x = 23, .ofs_y = 12},
    {.bitmap_index = 5807, .adv_w = 877, .box_w = 12, .box_h = 51, .ofs_x = 23, .ofs_y = 0},
    {.bitmap_index = 5884, .adv_w = 877, .box_w = 43, .box_h = 79, .ofs_x = 8, .ofs_y = -8},
    {.bitmap_index = 6309, .adv_w = 877, .box_w = 39, .box_h = 32, .ofs_x = 8, .ofs_y = 15},
    {.bitmap_index = 6465, .adv_w = 877, .box_w = 43, .box_h = 79, .ofs_x = 4, .ofs_y = -8},
    {.bitmap_index = 6890, .adv_w = 877, .box_w = 39, .box_h = 63, .ofs_x = 8, .ofs_y = 0},
    {.bitmap_index = 7198, .adv_w = 877, .box_w = 47, .box_h = 63, .ofs_x = 4, .ofs_y = 0},
    {.bitmap_index = 7569, .adv_w = 877, .box_w = 39, .box_h = 63, .ofs_x = 8, .ofs_y = 0},
    {.bitmap_index = 7877, .adv_w = 877, .box_w = 39, .box_h = 63, .ofs_x = 8, .ofs_y = 0},
    {.bitmap_index = 8185, .adv_w = 877, .box_w = 39, .box_h = 63, .ofs_x = 8, .ofs_y = 0},
    {.bitmap_index = 8493, .adv_w = 877, .box_w = 39, .box_h = 63, .ofs_x = 8, .ofs_y = 0},
    {.bitmap_index = 8801, .adv_w = 877, .box_w = 39, .box_h = 63, .ofs_x = 8, .ofs_y = 0},
    {.bitmap_index = 9109, .adv_w = 877, .box_w = 39, .box_h = 63, .ofs_x = 8, .ofs_y = 0},
    {.bitmap_index = 9417, .adv_w = 877, .box_w = 39, .box_h = 63, .ofs_x = 8, .ofs_y = 0},
    {.bitmap_index = 9725, .adv_w = 877, .box_w = 39, .box_h = 63, .ofs_x = 8, .ofs_y = 0},
    {.bitmap_index = 10033, .adv_w = 877, .box_w = 31, .box_h = 63, .ofs_x = 12, .ofs_y = 0},
    {.bitmap_index = 10278, .adv_w = 877, .box_w = 39, .box_h = 63, .ofs_x = 8, .ofs_y = 0},
    {.bitmap_index = 10586, .adv_w = 877, .box_w = 39, .box_h = 63, .ofs_x = 8, .ofs_y = 0},
    {.bitmap_index = 10894, .adv_w = 877, .box_w = 39, .box_h = 63, .ofs_x = 8, .ofs_y = 0},
    {.bitmap_index = 11202, .adv_w = 877, .box_w = 39, .box_h = 63, .ofs_x = 8, .ofs_y = 0},
    {.bitmap_index = 11510, .adv_w = 877, .box_w = 39, .box_h = 63, .ofs_x = 8, .ofs_y = 0},
    {.bitmap_index = 11818, .adv_w = 877, .box_w = 39, .box_h = 63, .ofs_x = 8, .ofs_y = 0},
    {.bitmap_index = 12126, .adv_w = 877, .box_w = 39, .box_h = 63, .ofs_x = 8, .ofs_y = 0},
    {.bitmap_index = 12434, .adv_w = 877, .box_w = 44, .box_h = 63, .ofs_x = 8, .ofs_y = 0},
    {.bitmap_index = 12781, .adv_w = 877, .box_w = 39, .box_h = 63, .ofs_x = 8, .ofs_y = 0},
    {.bitmap_index = 13089, .adv_w = 877, .box_w = 39, .box_h = 63, .ofs_x = 8, .ofs_y = 0},
    {.bitmap_index = 13397, .adv_w = 877, .box_w = 39, .box_h = 63, .ofs_x = 8, .ofs_y = 0},
    {.bitmap_index = 13705, .adv_w = 877, .box_w = 39, .box_h = 63, .ofs_x = 8, .ofs_y = 0},
    {.bitmap_index = 14013, .adv_w = 877, .box_w = 39, .box_h = 63, .ofs_x = 8, .ofs_y = 0},
    {.bitmap_index = 14321, .adv_w = 877, .box_w = 39, .box_h = 63, .ofs_x = 8, .ofs_y = 0},
    {.bitmap_index = 14629, .adv_w = 877, .box_w = 39, .box_h = 63, .ofs_x = 8, .ofs_y = 0},
    {.bitmap_index = 14937, .adv_w = 877, .box_w = 39, .box_h = 63, .ofs_x = 8, .ofs_y = 0},
    {.bitmap_index = 15245, .adv_w = 877, .box_w = 39, .box_h = 63, .ofs_x = 8, .ofs_y = 0},
    {.bitmap_index = 15553, .adv_w = 877, .box_w = 20, .box_h = 78, .ofs_x = 27, .ofs_y = -8},
    {.bitmap_index = 15748, .adv_w = 877, .box_w = 39, .box_h = 74, .ofs_x = 8, .ofs_y = -3},
    {.bitmap_index = 16109, .adv_w = 877, .box_w = 20, .box_h = 78, .ofs_x = 7, .ofs_y = -8},
    {.bitmap_index = 16304, .adv_w = 877, .box_w = 39, .box_h = 24, .ofs_x = 8, .ofs_y = 39},
    {.bitmap_index = 16421, .adv_w = 877, .box_w = 39, .box_h = 8, .ofs_x = 8, .ofs_y = 0},
    {.bitmap_index = 16460, .adv_w = 877, .box_w = 16, .box_h = 16, .ofs_x = 20, .ofs_y = 55},
    {.bitmap_index = 16492, .adv_w = 877, .box_w = 39, .box_h = 47, .ofs_x = 8, .ofs_y = 0},
    {.bitmap_index = 16722, .adv_w = 877, .box_w = 39, .box_h = 63, .ofs_x = 8, .ofs_y = 0},
    {.bitmap_index = 17030, .adv_w = 877, .box_w = 39, .box_h = 47, .ofs_x = 8, .ofs_y = 0},
    {.bitmap_index = 17260, .adv_w = 877, .box_w = 39, .box_h = 63, .ofs_x = 8, .ofs_y = 0},
    {.bitmap_index = 17568, .adv_w = 877, .box_w = 39, .box_h = 47, .ofs_x = 8, .ofs_y = 0},
    {.bitmap_index = 17798, .adv_w = 877, .box_w = 39, .box_h = 63, .ofs_x = 8, .ofs_y = 0},
    {.bitmap_index = 18106, .adv_w = 877, .box_w = 39, .box_h = 63, .ofs_x = 8, .ofs_y = -16},
    {.bitmap_index = 18414, .adv_w = 877, .box_w = 39, .box_h = 63, .ofs_x = 8, .ofs_y = 0},
    {.bitmap_index = 18722, .adv_w = 877, .box_w = 31, .box_h = 63, .ofs_x = 12, .ofs_y = 0},
    {.bitmap_index = 18967, .adv_w = 877, .box_w = 31, .box_h = 79, .ofs_x = 8, .ofs_y = -16},
    {.bitmap_index = 19274, .adv_w = 877, .box_w = 39, .box_h = 63, .ofs_x = 8, .ofs_y = 0},
    {.bitmap_index = 19582, .adv_w = 877, .box_w = 32, .box_h = 63, .ofs_x = 11, .ofs_y = 0},
    {.bitmap_index = 19834, .adv_w = 877, .box_w = 47, .box_h = 47, .ofs_x = 4, .ofs_y = 0},
    {.bitmap_index = 20111, .adv_w = 877, .box_w = 39, .box_h = 47, .ofs_x = 8, .ofs_y = 0},
    {.bitmap_index = 20341, .adv_w = 877, .box_w = 39, .box_h = 47, .ofs_x = 8, .ofs_y = 0},
    {.bitmap_index = 20571, .adv_w = 877, .box_w = 39, .box_h = 63, .ofs_x = 8, .ofs_y = -16},
    {.bitmap_index = 20879, .adv_w = 877, .box_w = 39, .box_h = 63, .ofs_x = 8, .ofs_y = -16},
    {.bitmap_index = 21187, .adv_w = 877, .box_w = 39, .box_h = 47, .ofs_x = 8, .ofs_y = 0},
    {.bitmap_index = 21417, .adv_w = 877, .box_w = 39, .box_h = 47, .ofs_x = 8, .ofs_y = 0},
    {.bitmap_index = 21647, .adv_w = 877, .box_w = 39, .box_h = 63, .ofs_x = 8, .ofs_y = 0},
    {.bitmap_index = 21955, .adv_w = 877, .box_w = 39, .box_h = 47, .ofs_x = 8, .ofs_y = 0},
    {.bitmap_index = 22185, .adv_w = 877, .box_w = 39, .box_h = 47, .ofs_x = 8, .ofs_y = 0},
    {.bitmap_index = 22415, .adv_w = 877, .box_w = 39, .box_h = 47, .ofs_x = 8, .ofs_y = 0},
    {.bitmap_index = 22645, .adv_w = 877, .box_w = 39, .box_h = 47, .ofs_x = 8, .ofs_y = 0},
    {.bitmap_index = 22875, .adv_w = 877, .box_w = 39, .box_h = 63, .ofs_x = 8, .ofs_y = -16},
    {.bitmap_index = 23183, .adv_w = 877, .box_w = 39, .box_h = 47, .ofs_x = 8, .ofs_y = 0},
    {.bitmap_index = 23413, .adv_w = 877, .box_w = 31, .box_h = 78, .ofs_x = 16, .ofs_y = -8},
    {.bitmap_index = 23716, .adv_w = 877, .box_w = 8, .box_h = 94, .ofs_x = 23, .ofs_y = -16},
    {.bitmap_index = 23810, .adv_w = 877, .box_w = 31, .box_h = 78, .ofs_x = 8, .ofs_y = -8},
    {.bitmap_index = 24113, .adv_w = 877, .box_w = 47, .box_h = 16, .ofs_x = 4, .ofs_y = 24}
};

/*---------------------
 *  CHARACTER MAPPING
 *--------------------*/

/*Collect the unicode lists and glyph_id offsets*/
static const lv_font_fmt_txt_cmap_t cmaps[] =
{
    {
        .range_start = 32, .range_length = 95, .glyph_id_start = 1,
        .unicode_list = NULL, .glyph_id_ofs_list = NULL, .list_length = 0, .type = LV_FONT_FMT_TXT_CMAP_FORMAT0_TINY
    }
};

/*--------------------
 *  ALL CUSTOM DATA
 *--------------------*/

#if LVGL_VERSION_MAJOR == 8
/*Store all the custom data of the font*/
static  lv_font_fmt_txt_glyph_cache_t cache;
#endif

#if LVGL_VERSION_MAJOR >= 8
static const lv_font_fmt_txt_dsc_t font_dsc = {
#else
static lv_font_fmt_txt_dsc_t font_dsc = {
#endif
    .glyph_bitmap = glyph_bitmap,
    .glyph_dsc = glyph_dsc,
    .cmaps = cmaps,
    .kern_dsc = NULL,
    .kern_scale = 0,
    .cmap_num = 1,
    .bpp = 1,
    .kern_classes = 0,
    .bitmap_format = 0,
#if LVGL_VERSION_MAJOR == 8
    .cache = &cache
#endif
};

/*-----------------
 *  PUBLIC FONT
 *----------------*/

/*Initialize a public general font descriptor*/
#if LVGL_VERSION_MAJOR >= 8
const lv_font_t ui_font_ui_font_font_largr = {
#else
lv_font_t ui_font_ui_font_font_largr = {
#endif
    .get_glyph_dsc = lv_font_get_glyph_dsc_fmt_txt,    /*Function pointer to get glyph's data*/
    .get_glyph_bitmap = lv_font_get_bitmap_fmt_txt,    /*Function pointer to get glyph's bitmap*/
    .line_height = 94,          /*The maximum line height required by the font*/
    .base_line = 16,             /*Baseline measured from the bottom of the line*/
#if !(LVGL_VERSION_MAJOR == 6 && LVGL_VERSION_MINOR == 0)
    .subpx = LV_FONT_SUBPX_NONE,
#endif
#if LV_VERSION_CHECK(7, 4, 0) || LVGL_VERSION_MAJOR >= 8
    .underline_position = -20,
    .underline_thickness = 8,
#endif
    .dsc = &font_dsc,          /*The custom font data. Will be accessed by `get_glyph_bitmap/dsc` */
#if LV_VERSION_CHECK(8, 2, 0) || LVGL_VERSION_MAJOR >= 9
    .fallback = NULL,
#endif
    .user_data = NULL,
};

#endif /*#if UI_FONT_UI_FONT_FONT_LARGR*/
#endif
